,"ArmourClass","ArmourSet","WeaponType","ModSlot","Rarity","Variant","ModifiedStatName","ModificationValue","ResearchCost","EquipCost","ScrapValue"
1,-1,-1,0,0,1,0,"MovementAllowance",1.5,500,100,100
2,-1,-1,0,0,2,0,"MovementAllowance",1.5,12500,400,2500
3,-1,-1,0,0,3,0,"MovementAllowance",3,30000,1300,6000
4,-1,-1,0,0,4,0,"MovementAllowance",3,73500,4000,14700
5,-1,-1,0,0,5,0,"MovementAllowance",3,194500,12100,38900
6,-1,-1,0,0,6,0,"MovementAllowance",6,583500,36400,116700
7,-1,-1,0,0,1,1,"WeaponCritChance",15,500,100,100
8,-1,-1,0,0,2,1,"WeaponCritChance",15,12500,400,2500
9,-1,-1,0,0,3,1,"WeaponCritChance",21,30000,1300,6000
10,-1,-1,0,0,4,1,"WeaponCritChance",30,73500,4000,14700
11,-1,-1,0,0,5,1,"WeaponCritChance",30,194500,12100,38900
12,-1,-1,0,0,6,1,"WeaponCritChance",30,583500,36400,116700
13,-1,-1,0,0,1,2,"WeaponCritChance",15,500,100,100
14,-1,-1,0,0,2,2,"WeaponCritChance",15,12500,400,2500
15,-1,-1,0,0,3,2,"WeaponCritChance",21,30000,1300,6000
16,-1,-1,0,0,4,2,"WeaponCritChance",30,73500,4000,14700
17,-1,-1,0,0,5,2,"WeaponCritChance",45,194500,12100,38900
18,-1,-1,0,0,6,2,"WeaponCritChance",45,583500,36400,116700
19,-1,-1,0,0,1,2,"WeaponCritDamageMultiplier",1.2,500,100,100
20,-1,-1,0,0,2,2,"WeaponCritDamageMultiplier",1.575,12500,400,2500
21,-1,-1,0,0,3,2,"WeaponCritDamageMultiplier",1.725,30000,1300,6000
22,-1,-1,0,0,4,2,"WeaponCritDamageMultiplier",3,73500,4000,14700
23,-1,-1,0,0,5,2,"WeaponCritDamageMultiplier",.75,194500,12100,38900
24,-1,-1,0,0,6,2,"WeaponCritDamageMultiplier",.75,583500,36400,116700
25,-1,-1,0,1,1,0,"WeaponAccuracy",.15,500,100,100
26,-1,-1,0,1,2,0,"WeaponAccuracy",.15,12500,400,2500
27,-1,-1,0,1,3,0,"WeaponAccuracy",.21,30000,1300,6000
28,-1,-1,0,1,4,0,"WeaponAccuracy",.3,73500,4000,14700
29,-1,-1,0,1,5,0,"WeaponAccuracy",.45,194500,12100,38900
30,-1,-1,0,1,6,0,"WeaponAccuracy",.45,583500,36400,116700
31,-1,-1,0,1,1,1,"WeaponAccuracy",.15,500,100,100
32,-1,-1,0,1,2,1,"WeaponAccuracy",.15,12500,400,2500
33,-1,-1,0,1,3,1,"WeaponAccuracy",.21,30000,1300,6000
34,-1,-1,0,1,4,1,"WeaponAccuracy",.3,73500,4000,14700
35,-1,-1,0,1,5,1,"WeaponAccuracy",.45,194500,12100,38900
36,-1,-1,0,1,6,1,"WeaponAccuracy",.45,583500,36400,116700
37,-1,-1,0,1,1,2,"WeaponAccuracy",.15,500,100,100
38,-1,-1,0,1,2,2,"WeaponAccuracy",.15,12500,400,2500
39,-1,-1,0,1,3,2,"WeaponAccuracy",.21,30000,1300,6000
40,-1,-1,0,1,4,2,"WeaponAccuracy",.3,73500,4000,14700
41,-1,-1,0,1,5,2,"WeaponAccuracy",.45,194500,12100,38900
42,-1,-1,0,1,6,2,"WeaponAccuracy",.45,583500,36400,116700
43,-1,-1,0,2,1,0,"WeaponDamage",45,500,100,100
44,-1,-1,0,2,2,0,"WeaponDamage",45,12500,400,2500
45,-1,-1,0,2,3,0,"WeaponDamage",90,30000,1300,6000
46,-1,-1,0,2,4,0,"WeaponDamage",120,73500,4000,14700
47,-1,-1,0,2,5,0,"WeaponDamage",180,194500,12100,38900
48,-1,-1,0,2,6,0,"WeaponDamage",180,583500,36400,116700
49,-1,-1,0,2,1,1,"WeaponDamage",45,500,100,100
50,-1,-1,0,2,2,1,"WeaponDamage",45,12500,400,2500
51,-1,-1,0,2,3,1,"WeaponDamage",90,30000,1300,6000
52,-1,-1,0,2,4,1,"WeaponDamage",60,73500,4000,14700
53,-1,-1,0,2,5,1,"WeaponDamage",90,194500,12100,38900
54,-1,-1,0,2,6,1,"WeaponDamage",180,583500,36400,116700
55,-1,-1,0,2,1,2,"WeaponDamage",45,500,100,100
56,-1,-1,0,2,2,2,"WeaponDamage",45,12500,400,2500
57,-1,-1,0,2,3,2,"WeaponDamage",90,30000,1300,6000
58,-1,-1,0,2,4,2,"WeaponDamage",120,73500,4000,14700
59,-1,-1,0,2,5,2,"WeaponDamage",180,194500,12100,38900
60,-1,-1,0,2,6,2,"WeaponDamage",180,583500,36400,116700
61,-1,-1,0,3,1,0,"WeaponMagazineSize",3,500,100,100
62,-1,-1,0,3,2,0,"WeaponMagazineSize",3,12500,400,2500
63,-1,-1,0,3,3,0,"WeaponMagazineSize",6,30000,1300,6000
64,-1,-1,0,3,4,0,"WeaponMagazineSize",9,73500,4000,14700
65,-1,-1,0,3,5,0,"WeaponMagazineSize",15,194500,12100,38900
66,-1,-1,0,3,6,0,"WeaponMagazineSize",15,583500,36400,116700
67,-1,-1,0,3,1,1,"WeaponDamage",120,500,100,100
68,-1,-1,0,3,2,1,"WeaponDamage",120,12500,400,2500
69,-1,-1,0,3,3,1,"WeaponDamage",150,30000,1300,6000
70,-1,-1,0,3,4,1,"WeaponDamage",180,73500,4000,14700
71,-1,-1,0,3,5,1,"WeaponDamage",240,194500,12100,38900
72,-1,-1,0,3,6,1,"WeaponDamage",240,583500,36400,116700
73,-1,-1,0,3,1,1,"WeaponMagazineSize",6,500,100,100
74,-1,-1,0,3,2,1,"WeaponMagazineSize",6,12500,400,2500
75,-1,-1,0,3,3,1,"WeaponMagazineSize",6,30000,1300,6000
76,-1,-1,0,3,4,1,"WeaponMagazineSize",6,73500,4000,14700
77,-1,-1,0,3,5,1,"WeaponMagazineSize",6,194500,12100,38900
78,-1,-1,0,3,6,1,"WeaponMagazineSize",6,583500,36400,116700
79,-1,-1,0,3,1,2,"WeaponMagazineSize",3,500,100,100
80,-1,-1,0,3,2,2,"WeaponMagazineSize",3,12500,400,2500
81,-1,-1,0,3,3,2,"WeaponMagazineSize",3,30000,1300,6000
82,-1,-1,0,3,4,2,"WeaponMagazineSize",3,73500,4000,14700
83,-1,-1,0,3,5,2,"WeaponMagazineSize",6,194500,12100,38900
84,-1,-1,0,3,6,2,"WeaponMagazineSize",6,583500,36400,116700
85,-1,-1,0,3,1,2,"WeaponAccuracy",.09,500,100,100
86,-1,-1,0,3,2,2,"WeaponAccuracy",.09,12500,400,2500
87,-1,-1,0,3,3,2,"WeaponAccuracy",.15,30000,1300,6000
88,-1,-1,0,3,4,2,"WeaponAccuracy",.21,73500,4000,14700
89,-1,-1,0,3,5,2,"WeaponAccuracy",.3,194500,12100,38900
90,-1,-1,0,3,6,2,"WeaponAccuracy",.3,583500,36400,116700
91,-1,-1,16,0,1,0,"WeaponCritChance",15,500,100,100
92,-1,-1,16,0,2,0,"WeaponCritChance",15,12500,400,2500
93,-1,-1,16,0,3,0,"WeaponCritChance",21,30000,1300,6000
94,-1,-1,16,0,4,0,"WeaponCritChance",30,73500,4000,14700
95,-1,-1,16,0,5,0,"WeaponCritChance",30,194500,12100,38900
96,-1,-1,16,0,6,0,"WeaponCritChance",30,583500,36400,116700
97,-1,-1,16,0,1,1,"WeaponCritChance",15,500,100,100
98,-1,-1,16,0,2,1,"WeaponCritChance",15,12500,400,2500
99,-1,-1,16,0,3,1,"WeaponCritChance",21,30000,1300,6000
100,-1,-1,16,0,4,1,"WeaponCritChance",30,73500,4000,14700
101,-1,-1,16,0,5,1,"WeaponCritChance",30,194500,12100,38900
102,-1,-1,16,0,6,1,"WeaponCritChance",30,583500,36400,116700
103,-1,-1,16,0,1,2,"WeaponCritChance",15,500,100,100
104,-1,-1,16,0,2,2,"WeaponCritChance",15,12500,400,2500
105,-1,-1,16,0,3,2,"WeaponCritChance",21,30000,1300,6000
106,-1,-1,16,0,4,2,"WeaponCritChance",30,73500,4000,14700
107,-1,-1,16,0,5,2,"WeaponCritChance",45,194500,12100,38900
108,-1,-1,16,0,6,2,"WeaponCritChance",45,583500,36400,116700
109,-1,-1,16,1,1,0,"WeaponAccuracy",.15,500,100,100
110,-1,-1,16,1,2,0,"WeaponAccuracy",.15,12500,400,2500
111,-1,-1,16,1,3,0,"WeaponAccuracy",.21,30000,1300,6000
112,-1,-1,16,1,4,0,"WeaponAccuracy",.3,73500,4000,14700
113,-1,-1,16,1,5,0,"WeaponAccuracy",.45,194500,12100,38900
114,-1,-1,16,1,6,0,"WeaponAccuracy",.45,583500,36400,116700
115,-1,-1,16,1,1,1,"WeaponCritDamageMultiplier",1.5,500,100,100
116,-1,-1,16,1,2,1,"WeaponCritDamageMultiplier",2.25,12500,400,2500
117,-1,-1,16,1,3,1,"WeaponCritDamageMultiplier",2.25,30000,1300,6000
118,-1,-1,16,1,4,1,"WeaponCritDamageMultiplier",3,73500,4000,14700
119,-1,-1,16,1,5,1,"WeaponCritDamageMultiplier",4.5,194500,12100,38900
120,-1,-1,16,1,6,1,"WeaponCritDamageMultiplier",4.5,583500,36400,116700
121,-1,-1,16,1,1,2,"WeaponAccuracy",.15,500,100,100
122,-1,-1,16,1,2,2,"WeaponAccuracy",.15,12500,400,2500
123,-1,-1,16,1,3,2,"WeaponAccuracy",.21,30000,1300,6000
124,-1,-1,16,1,4,2,"WeaponAccuracy",.3,73500,4000,14700
125,-1,-1,16,1,5,2,"WeaponAccuracy",.45,194500,12100,38900
126,-1,-1,16,1,6,2,"WeaponAccuracy",.45,583500,36400,116700
127,-1,-1,16,2,1,0,"WeaponDamage",45,500,100,100
128,-1,-1,16,2,2,0,"WeaponDamage",45,12500,400,2500
129,-1,-1,16,2,3,0,"WeaponDamage",90,30000,1300,6000
130,-1,-1,16,2,4,0,"WeaponDamage",60,73500,4000,14700
131,-1,-1,16,2,5,0,"WeaponDamage",90,194500,12100,38900
132,-1,-1,16,2,6,0,"WeaponDamage",90,583500,36400,116700
133,-1,-1,16,2,1,1,"WeaponDamage",45,500,100,100
134,-1,-1,16,2,2,1,"WeaponDamage",45,12500,400,2500
135,-1,-1,16,2,3,1,"WeaponDamage",90,30000,1300,6000
136,-1,-1,16,2,4,1,"WeaponDamage",120,73500,4000,14700
137,-1,-1,16,2,5,1,"WeaponDamage",180,194500,12100,38900
138,-1,-1,16,2,6,1,"WeaponDamage",180,583500,36400,116700
139,-1,-1,16,2,1,2,"WeaponDamage",45,500,100,100
140,-1,-1,16,2,2,2,"WeaponDamage",45,12500,400,2500
141,-1,-1,16,2,3,2,"WeaponDamage",90,30000,1300,6000
142,-1,-1,16,2,4,2,"WeaponDamage",120,73500,4000,14700
143,-1,-1,16,2,5,2,"WeaponDamage",180,194500,12100,38900
144,-1,-1,16,2,6,2,"WeaponDamage",180,583500,36400,116700
145,-1,-1,16,2,1,2,"WeaponCritChance",15,500,100,100
146,-1,-1,16,2,2,2,"WeaponCritChance",15,12500,400,2500
147,-1,-1,16,2,3,2,"WeaponCritChance",21,30000,1300,6000
148,-1,-1,16,2,4,2,"WeaponCritChance",30,73500,4000,14700
149,-1,-1,16,2,5,2,"WeaponCritChance",30,194500,12100,38900
150,-1,-1,16,2,6,2,"WeaponCritChance",30,583500,36400,116700
151,-1,-1,16,3,1,0,"WeaponMagazineSize",3,500,100,100
152,-1,-1,16,3,2,0,"WeaponMagazineSize",3,12500,400,2500
153,-1,-1,16,3,3,0,"WeaponMagazineSize",3,30000,1300,6000
154,-1,-1,16,3,4,0,"WeaponMagazineSize",3,73500,4000,14700
155,-1,-1,16,3,5,0,"WeaponMagazineSize",6,194500,12100,38900
156,-1,-1,16,3,6,0,"WeaponMagazineSize",6,583500,36400,116700
157,-1,-1,16,3,1,1,"WeaponMagazineSize",3,500,100,100
158,-1,-1,16,3,2,1,"WeaponMagazineSize",3,12500,400,2500
159,-1,-1,16,3,3,1,"WeaponMagazineSize",3,30000,1300,6000
160,-1,-1,16,3,4,1,"WeaponMagazineSize",3,73500,4000,14700
161,-1,-1,16,3,5,1,"WeaponMagazineSize",3,194500,12100,38900
162,-1,-1,16,3,6,1,"WeaponMagazineSize",3,583500,36400,116700
163,-1,-1,16,3,1,1,"WeaponAccuracy",.21,500,100,100
164,-1,-1,16,3,2,1,"WeaponAccuracy",.21,12500,400,2500
165,-1,-1,16,3,3,1,"WeaponAccuracy",.3,30000,1300,6000
166,-1,-1,16,3,4,1,"WeaponAccuracy",.39,73500,4000,14700
167,-1,-1,16,3,5,1,"WeaponAccuracy",.54,194500,12100,38900
168,-1,-1,16,3,6,1,"WeaponAccuracy",.54,583500,36400,116700
169,-1,-1,16,3,1,2,"WeaponMagazineSize",3,500,100,100
170,-1,-1,16,3,2,2,"WeaponMagazineSize",3,12500,400,2500
171,-1,-1,16,3,3,2,"WeaponMagazineSize",3,30000,1300,6000
172,-1,-1,16,3,4,2,"WeaponMagazineSize",3,73500,4000,14700
173,-1,-1,16,3,5,2,"WeaponMagazineSize",6,194500,12100,38900
174,-1,-1,16,3,6,2,"WeaponMagazineSize",6,583500,36400,116700
175,-1,-1,16,3,1,2,"WeaponDamage",45,500,100,100
176,-1,-1,16,3,2,2,"WeaponDamage",45,12500,400,2500
177,-1,-1,16,3,3,2,"WeaponDamage",45,30000,1300,6000
178,-1,-1,16,3,4,2,"WeaponDamage",90,73500,4000,14700
179,-1,-1,16,3,5,2,"WeaponDamage",120,194500,12100,38900
180,-1,-1,16,3,6,2,"WeaponDamage",120,583500,36400,116700
181,-1,-1,1,0,1,0,"WeaponAccuracy",.15,500,100,100
182,-1,-1,1,0,2,0,"WeaponAccuracy",.15,12500,400,2500
183,-1,-1,1,0,3,0,"WeaponAccuracy",.21,30000,1300,6000
184,-1,-1,1,0,4,0,"WeaponAccuracy",.3,73500,4000,14700
185,-1,-1,1,0,5,0,"WeaponAccuracy",.45,194500,12100,38900
186,-1,-1,1,0,6,0,"WeaponAccuracy",.45,583500,36400,116700
187,-1,-1,1,0,1,1,"WeaponDamage",45,500,100,100
188,-1,-1,1,0,2,1,"WeaponDamage",45,12500,400,2500
189,-1,-1,1,0,3,1,"WeaponDamage",30,30000,1300,6000
190,-1,-1,1,0,4,1,"WeaponDamage",60,73500,4000,14700
191,-1,-1,1,0,5,1,"WeaponDamage",90,194500,12100,38900
192,-1,-1,1,0,6,1,"WeaponDamage",90,583500,36400,116700
193,-1,-1,1,0,1,2,"WeaponAccuracy",.09,500,100,100
194,-1,-1,1,0,2,2,"WeaponAccuracy",.09,12500,400,2500
195,-1,-1,1,0,3,2,"WeaponAccuracy",.15,30000,1300,6000
196,-1,-1,1,0,4,2,"WeaponAccuracy",.21,73500,4000,14700
197,-1,-1,1,0,5,2,"WeaponAccuracy",.3,194500,12100,38900
198,-1,-1,1,0,6,2,"WeaponAccuracy",.3,583500,36400,116700
199,-1,-1,1,0,1,2,"WeaponCritChance",15,500,100,100
200,-1,-1,1,0,2,2,"WeaponCritChance",15,12500,400,2500
201,-1,-1,1,0,3,2,"WeaponCritChance",21,30000,1300,6000
202,-1,-1,1,0,4,2,"WeaponCritChance",30,73500,4000,14700
203,-1,-1,1,0,5,2,"WeaponCritChance",15,194500,12100,38900
204,-1,-1,1,0,6,2,"WeaponCritChance",15,583500,36400,116700
205,-1,-1,1,1,1,0,"WeaponAccuracy",.15,500,100,100
206,-1,-1,1,1,2,0,"WeaponAccuracy",.15,12500,400,2500
207,-1,-1,1,1,3,0,"WeaponAccuracy",.21,30000,1300,6000
208,-1,-1,1,1,4,0,"WeaponAccuracy",.3,73500,4000,14700
209,-1,-1,1,1,5,0,"WeaponAccuracy",.45,194500,12100,38900
210,-1,-1,1,1,6,0,"WeaponAccuracy",.45,583500,36400,116700
211,-1,-1,1,1,1,1,"WeaponAccuracy",.15,500,100,100
212,-1,-1,1,1,2,1,"WeaponAccuracy",.15,12500,400,2500
213,-1,-1,1,1,3,1,"WeaponAccuracy",.21,30000,1300,6000
214,-1,-1,1,1,4,1,"WeaponAccuracy",.3,73500,4000,14700
215,-1,-1,1,1,5,1,"WeaponAccuracy",.45,194500,12100,38900
216,-1,-1,1,1,6,1,"WeaponAccuracy",.45,583500,36400,116700
217,-1,-1,1,1,1,2,"WeaponAccuracy",.09,500,100,100
218,-1,-1,1,1,2,2,"WeaponAccuracy",.09,12500,400,2500
219,-1,-1,1,1,3,2,"WeaponAccuracy",.15,30000,1300,6000
220,-1,-1,1,1,4,2,"WeaponAccuracy",.21,73500,4000,14700
221,-1,-1,1,1,5,2,"WeaponAccuracy",.3,194500,12100,38900
222,-1,-1,1,1,6,2,"WeaponAccuracy",.3,583500,36400,116700
223,-1,-1,1,1,1,2,"WeaponCritChance",15,500,100,100
224,-1,-1,1,1,2,2,"WeaponCritChance",15,12500,400,2500
225,-1,-1,1,1,3,2,"WeaponCritChance",21,30000,1300,6000
226,-1,-1,1,1,4,2,"WeaponCritChance",30,73500,4000,14700
227,-1,-1,1,1,5,2,"WeaponCritChance",15,194500,12100,38900
228,-1,-1,1,1,6,2,"WeaponCritChance",15,583500,36400,116700
229,-1,-1,1,2,1,0,"MovementAllowance",1.5,500,100,100
230,-1,-1,1,2,2,0,"MovementAllowance",1.5,12500,400,2500
231,-1,-1,1,2,3,0,"MovementAllowance",3,30000,1300,6000
232,-1,-1,1,2,4,0,"MovementAllowance",3,73500,4000,14700
233,-1,-1,1,2,5,0,"MovementAllowance",3,194500,12100,38900
234,-1,-1,1,2,6,0,"MovementAllowance",3,583500,36400,116700
235,-1,-1,1,2,1,1,"WeaponDamage",45,500,100,100
236,-1,-1,1,2,2,1,"WeaponDamage",45,12500,400,2500
237,-1,-1,1,2,3,1,"WeaponDamage",90,30000,1300,6000
238,-1,-1,1,2,4,1,"WeaponDamage",120,73500,4000,14700
239,-1,-1,1,2,5,1,"WeaponDamage",180,194500,12100,38900
240,-1,-1,1,2,6,1,"WeaponDamage",180,583500,36400,116700
241,-1,-1,1,2,1,2,"WeaponDamage",45,500,100,100
242,-1,-1,1,2,2,2,"WeaponDamage",45,12500,400,2500
243,-1,-1,1,2,3,2,"WeaponDamage",90,30000,1300,6000
244,-1,-1,1,2,4,2,"WeaponDamage",120,73500,4000,14700
245,-1,-1,1,2,5,2,"WeaponDamage",180,194500,12100,38900
246,-1,-1,1,2,6,2,"WeaponDamage",180,583500,36400,116700
247,-1,-1,1,2,1,2,"WeaponCritDamageMultiplier",1.2,500,100,100
248,-1,-1,1,2,2,2,"WeaponCritDamageMultiplier",1.575,12500,400,2500
249,-1,-1,1,2,3,2,"WeaponCritDamageMultiplier",1.725,30000,1300,6000
250,-1,-1,1,2,4,2,"WeaponCritDamageMultiplier",3,73500,4000,14700
251,-1,-1,1,2,5,2,"WeaponCritDamageMultiplier",.75,194500,12100,38900
252,-1,-1,1,2,6,2,"WeaponCritDamageMultiplier",.75,583500,36400,116700
253,-1,-1,1,3,1,0,"WeaponCritChance",15,500,100,100
254,-1,-1,1,3,2,0,"WeaponCritChance",15,12500,400,2500
255,-1,-1,1,3,3,0,"WeaponCritChance",21,30000,1300,6000
256,-1,-1,1,3,4,0,"WeaponCritChance",30,73500,4000,14700
257,-1,-1,1,3,5,0,"WeaponCritChance",30,194500,12100,38900
258,-1,-1,1,3,6,0,"WeaponCritChance",30,583500,36400,116700
259,-1,-1,1,3,1,1,"WeaponMagazineSize",3,500,100,100
260,-1,-1,1,3,2,1,"WeaponMagazineSize",3,12500,400,2500
261,-1,-1,1,3,3,1,"WeaponMagazineSize",3,30000,1300,6000
262,-1,-1,1,3,4,1,"WeaponMagazineSize",3,73500,4000,14700
263,-1,-1,1,3,5,1,"WeaponMagazineSize",3,194500,12100,38900
264,-1,-1,1,3,6,1,"WeaponMagazineSize",3,583500,36400,116700
265,-1,-1,1,3,1,1,"WeaponAccuracy",.15,500,100,100
266,-1,-1,1,3,2,1,"WeaponAccuracy",.15,12500,400,2500
267,-1,-1,1,3,3,1,"WeaponAccuracy",.21,30000,1300,6000
268,-1,-1,1,3,4,1,"WeaponAccuracy",.39,73500,4000,14700
269,-1,-1,1,3,5,1,"WeaponAccuracy",.54,194500,12100,38900
270,-1,-1,1,3,6,1,"WeaponAccuracy",.54,583500,36400,116700
271,-1,-1,1,3,1,2,"WeaponMagazineSize",3,500,100,100
272,-1,-1,1,3,2,2,"WeaponMagazineSize",3,12500,400,2500
273,-1,-1,1,3,3,2,"WeaponMagazineSize",3,30000,1300,6000
274,-1,-1,1,3,4,2,"WeaponMagazineSize",3,73500,4000,14700
275,-1,-1,1,3,5,2,"WeaponMagazineSize",6,194500,12100,38900
276,-1,-1,1,3,6,2,"WeaponMagazineSize",6,583500,36400,116700
277,-1,-1,1,3,1,2,"WeaponDamage",45,500,100,100
278,-1,-1,1,3,2,2,"WeaponDamage",45,12500,400,2500
279,-1,-1,1,3,3,2,"WeaponDamage",45,30000,1300,6000
280,-1,-1,1,3,4,2,"WeaponDamage",90,73500,4000,14700
281,-1,-1,1,3,5,2,"WeaponDamage",120,194500,12100,38900
282,-1,-1,1,3,6,2,"WeaponDamage",120,583500,36400,116700
283,-1,-1,8,0,1,0,"WeaponDamage",45,500,100,100
284,-1,-1,8,0,2,0,"WeaponDamage",45,12500,400,2500
285,-1,-1,8,0,3,0,"WeaponDamage",90,30000,1300,6000
286,-1,-1,8,0,4,0,"WeaponDamage",120,73500,4000,14700
287,-1,-1,8,0,5,0,"WeaponDamage",180,194500,12100,38900
288,-1,-1,8,0,6,0,"WeaponDamage",180,583500,36400,116700
289,-1,-1,8,0,1,1,"WeaponDamage",45,500,100,100
290,-1,-1,8,0,2,1,"WeaponDamage",45,12500,400,2500
291,-1,-1,8,0,3,1,"WeaponDamage",90,30000,1300,6000
292,-1,-1,8,0,4,1,"WeaponDamage",120,73500,4000,14700
293,-1,-1,8,0,5,1,"WeaponDamage",180,194500,12100,38900
294,-1,-1,8,0,6,1,"WeaponDamage",180,583500,36400,116700
295,-1,-1,8,0,1,2,"WeaponDamage",45,500,100,100
296,-1,-1,8,0,2,2,"WeaponDamage",45,12500,400,2500
297,-1,-1,8,0,3,2,"WeaponDamage",90,30000,1300,6000
298,-1,-1,8,0,4,2,"WeaponDamage",120,73500,4000,14700
299,-1,-1,8,0,5,2,"WeaponDamage",180,194500,12100,38900
300,-1,-1,8,0,6,2,"WeaponDamage",180,583500,36400,116700
301,-1,-1,8,0,1,2,"WeaponCritChance",15,500,100,100
302,-1,-1,8,0,2,2,"WeaponCritChance",15,12500,400,2500
303,-1,-1,8,0,3,2,"WeaponCritChance",21,30000,1300,6000
304,-1,-1,8,0,4,2,"WeaponCritChance",30,73500,4000,14700
305,-1,-1,8,0,5,2,"WeaponCritChance",30,194500,12100,38900
306,-1,-1,8,0,6,2,"WeaponCritChance",30,583500,36400,116700
307,-1,-1,8,1,1,0,"WeaponCritDamageMultiplier",1.2,500,100,100
308,-1,-1,8,1,2,0,"WeaponCritDamageMultiplier",1.575,12500,400,2500
309,-1,-1,8,1,3,0,"WeaponCritDamageMultiplier",1.725,30000,1300,6000
310,-1,-1,8,1,4,0,"WeaponCritDamageMultiplier",3,73500,4000,14700
311,-1,-1,8,1,5,0,"WeaponCritDamageMultiplier",4.5,194500,12100,38900
312,-1,-1,8,1,6,0,"WeaponCritDamageMultiplier",4.5,583500,36400,116700
313,-1,-1,8,1,1,0,"MovementAllowance",1.5,500,100,100
314,-1,-1,8,1,2,0,"MovementAllowance",1.5,12500,400,2500
315,-1,-1,8,1,3,0,"MovementAllowance",3,30000,1300,6000
316,-1,-1,8,1,4,0,"MovementAllowance",3,73500,4000,14700
317,-1,-1,8,1,5,0,"MovementAllowance",3,194500,12100,38900
318,-1,-1,8,1,6,0,"MovementAllowance",3,583500,36400,116700
319,-1,-1,8,1,1,1,"WeaponAccuracy",.15,500,100,100
320,-1,-1,8,1,2,1,"WeaponAccuracy",.15,12500,400,2500
321,-1,-1,8,1,3,1,"WeaponAccuracy",.21,30000,1300,6000
322,-1,-1,8,1,4,1,"WeaponAccuracy",.3,73500,4000,14700
323,-1,-1,8,1,5,1,"WeaponAccuracy",.45,194500,12100,38900
324,-1,-1,8,1,6,1,"WeaponAccuracy",.45,583500,36400,116700
325,-1,-1,8,1,1,2,"WeaponAccuracy",.15,500,100,100
326,-1,-1,8,1,2,2,"WeaponAccuracy",.15,12500,400,2500
327,-1,-1,8,1,3,2,"WeaponAccuracy",.21,30000,1300,6000
328,-1,-1,8,1,4,2,"WeaponAccuracy",.3,73500,4000,14700
329,-1,-1,8,1,5,2,"WeaponAccuracy",.45,194500,12100,38900
330,-1,-1,8,1,6,2,"WeaponAccuracy",.45,583500,36400,116700
331,-1,-1,8,2,1,0,"WeaponDamage",45,500,100,100
332,-1,-1,8,2,2,0,"WeaponDamage",45,12500,400,2500
333,-1,-1,8,2,3,0,"WeaponDamage",90,30000,1300,6000
334,-1,-1,8,2,4,0,"WeaponDamage",120,73500,4000,14700
335,-1,-1,8,2,5,0,"WeaponDamage",180,194500,12100,38900
336,-1,-1,8,2,6,0,"WeaponDamage",180,583500,36400,116700
337,-1,-1,8,2,1,1,"WeaponDamage",45,500,100,100
338,-1,-1,8,2,2,1,"WeaponDamage",45,12500,400,2500
339,-1,-1,8,2,3,1,"WeaponDamage",30,30000,1300,6000
340,-1,-1,8,2,4,1,"WeaponDamage",60,73500,4000,14700
341,-1,-1,8,2,5,1,"WeaponDamage",90,194500,12100,38900
342,-1,-1,8,2,6,1,"WeaponDamage",90,583500,36400,116700
343,-1,-1,8,2,1,2,"WeaponDamage",45,500,100,100
344,-1,-1,8,2,2,2,"WeaponDamage",45,12500,400,2500
345,-1,-1,8,2,3,2,"WeaponDamage",90,30000,1300,6000
346,-1,-1,8,2,4,2,"WeaponDamage",120,73500,4000,14700
347,-1,-1,8,2,5,2,"WeaponDamage",180,194500,12100,38900
348,-1,-1,8,2,6,2,"WeaponDamage",180,583500,36400,116700
349,-1,-1,8,2,1,2,"WeaponCritChance",15,500,100,100
350,-1,-1,8,2,2,2,"WeaponCritChance",15,12500,400,2500
351,-1,-1,8,2,3,2,"WeaponCritChance",21,30000,1300,6000
352,-1,-1,8,2,4,2,"WeaponCritChance",30,73500,4000,14700
353,-1,-1,8,2,5,2,"WeaponCritChance",30,194500,12100,38900
354,-1,-1,8,2,6,2,"WeaponCritChance",30,583500,36400,116700
355,-1,-1,8,3,1,0,"WeaponCritChance",15,500,100,100
356,-1,-1,8,3,2,0,"WeaponCritChance",15,12500,400,2500
357,-1,-1,8,3,3,0,"WeaponCritChance",21,30000,1300,6000
358,-1,-1,8,3,4,0,"WeaponCritChance",30,73500,4000,14700
359,-1,-1,8,3,5,0,"WeaponCritChance",30,194500,12100,38900
360,-1,-1,8,3,6,0,"WeaponCritChance",30,583500,36400,116700
361,-1,-1,8,3,1,1,"WeaponCritChance",15,500,100,100
362,-1,-1,8,3,2,1,"WeaponCritChance",15,12500,400,2500
363,-1,-1,8,3,3,1,"WeaponCritChance",21,30000,1300,6000
364,-1,-1,8,3,4,1,"WeaponCritChance",30,73500,4000,14700
365,-1,-1,8,3,5,1,"WeaponCritChance",30,194500,12100,38900
366,-1,-1,8,3,6,1,"WeaponCritChance",30,583500,36400,116700
367,-1,-1,8,3,1,2,"WeaponMagazineSize",3,500,100,100
368,-1,-1,8,3,2,2,"WeaponMagazineSize",3,12500,400,2500
369,-1,-1,8,3,3,2,"WeaponMagazineSize",6,30000,1300,6000
370,-1,-1,8,3,4,2,"WeaponMagazineSize",9,73500,4000,14700
371,-1,-1,8,3,5,2,"WeaponMagazineSize",15,194500,12100,38900
372,-1,-1,8,3,6,2,"WeaponMagazineSize",15,583500,36400,116700
373,-1,-1,4,0,1,0,"WeaponAccuracy",.3,500,100,100
374,-1,-1,4,0,2,0,"WeaponAccuracy",.3,12500,400,2500
375,-1,-1,4,0,3,0,"WeaponAccuracy",.36,30000,1300,6000
376,-1,-1,4,0,4,0,"WeaponAccuracy",.45,73500,4000,14700
377,-1,-1,4,0,5,0,"WeaponAccuracy",.54,194500,12100,38900
378,-1,-1,4,0,6,0,"WeaponAccuracy",.54,583500,36400,116700
379,-1,-1,4,0,1,0,"WeaponDamage",120,500,100,100
380,-1,-1,4,0,2,0,"WeaponDamage",120,12500,400,2500
381,-1,-1,4,0,3,0,"WeaponDamage",120,30000,1300,6000
382,-1,-1,4,0,4,0,"WeaponDamage",120,73500,4000,14700
383,-1,-1,4,0,5,0,"WeaponDamage",120,194500,12100,38900
384,-1,-1,4,0,6,0,"WeaponDamage",120,583500,36400,116700
385,-1,-1,4,0,1,1,"WeaponCritDamageMultiplier",1.2,500,100,100
386,-1,-1,4,0,2,1,"WeaponCritDamageMultiplier",1.575,12500,400,2500
387,-1,-1,4,0,3,1,"WeaponCritDamageMultiplier",1.725,30000,1300,6000
388,-1,-1,4,0,4,1,"WeaponCritDamageMultiplier",3,73500,4000,14700
389,-1,-1,4,0,5,1,"WeaponCritDamageMultiplier",3,194500,12100,38900
390,-1,-1,4,0,6,1,"WeaponCritDamageMultiplier",3,583500,36400,116700
391,-1,-1,4,0,1,2,"WeaponCritDamageMultiplier",.9,500,100,100
392,-1,-1,4,0,2,2,"WeaponCritDamageMultiplier",.9,12500,400,2500
393,-1,-1,4,0,3,2,"WeaponCritDamageMultiplier",1.2,30000,1300,6000
394,-1,-1,4,0,4,2,"WeaponCritDamageMultiplier",1.5,73500,4000,14700
395,-1,-1,4,0,5,2,"WeaponCritDamageMultiplier",3,194500,12100,38900
396,-1,-1,4,0,6,2,"WeaponCritDamageMultiplier",3,583500,36400,116700
397,-1,-1,4,1,1,0,"WeaponAccuracy",.15,500,100,100
398,-1,-1,4,1,2,0,"WeaponAccuracy",.15,12500,400,2500
399,-1,-1,4,1,3,0,"WeaponAccuracy",.21,30000,1300,6000
400,-1,-1,4,1,4,0,"WeaponAccuracy",.3,73500,4000,14700
401,-1,-1,4,1,5,0,"WeaponAccuracy",.45,194500,12100,38900
402,-1,-1,4,1,6,0,"WeaponAccuracy",.45,583500,36400,116700
403,-1,-1,4,1,1,1,"WeaponDamage",45,500,100,100
404,-1,-1,4,1,2,1,"WeaponDamage",45,12500,400,2500
405,-1,-1,4,1,3,1,"WeaponDamage",90,30000,1300,6000
406,-1,-1,4,1,4,1,"WeaponDamage",195,73500,4000,14700
407,-1,-1,4,1,5,1,"WeaponDamage",270,194500,12100,38900
408,-1,-1,4,1,6,1,"WeaponDamage",270,583500,36400,116700
409,-1,-1,4,1,1,1,"WeaponCritChance",15,500,100,100
410,-1,-1,4,1,2,1,"WeaponCritChance",15,12500,400,2500
411,-1,-1,4,1,3,1,"WeaponCritChance",21,30000,1300,6000
412,-1,-1,4,1,4,1,"WeaponCritChance",45,73500,4000,14700
413,-1,-1,4,1,5,1,"WeaponCritChance",45,194500,12100,38900
414,-1,-1,4,1,6,1,"WeaponCritChance",45,583500,36400,116700
415,-1,-1,4,1,1,2,"WeaponAccuracy",.15,500,100,100
416,-1,-1,4,1,2,2,"WeaponAccuracy",.15,12500,400,2500
417,-1,-1,4,1,3,2,"WeaponAccuracy",.21,30000,1300,6000
418,-1,-1,4,1,4,2,"WeaponAccuracy",.3,73500,4000,14700
419,-1,-1,4,1,5,2,"WeaponAccuracy",.45,194500,12100,38900
420,-1,-1,4,1,6,2,"WeaponAccuracy",.45,583500,36400,116700
421,-1,-1,4,1,1,2,"WeaponCritChance",15,500,100,100
422,-1,-1,4,1,2,2,"WeaponCritChance",15,12500,400,2500
423,-1,-1,4,1,3,2,"WeaponCritChance",21,30000,1300,6000
424,-1,-1,4,1,4,2,"WeaponCritChance",30,73500,4000,14700
425,-1,-1,4,1,5,2,"WeaponCritChance",30,194500,12100,38900
426,-1,-1,4,1,6,2,"WeaponCritChance",30,583500,36400,116700
427,-1,-1,4,2,1,0,"WeaponDamage",45,500,100,100
428,-1,-1,4,2,2,0,"WeaponDamage",45,12500,400,2500
429,-1,-1,4,2,3,0,"WeaponDamage",90,30000,1300,6000
430,-1,-1,4,2,4,0,"WeaponDamage",120,73500,4000,14700
431,-1,-1,4,2,5,0,"WeaponDamage",180,194500,12100,38900
432,-1,-1,4,2,6,0,"WeaponDamage",180,583500,36400,116700
433,-1,-1,4,2,1,1,"WeaponDamage",45,500,100,100
434,-1,-1,4,2,2,1,"WeaponDamage",45,12500,400,2500
435,-1,-1,4,2,3,1,"WeaponDamage",90,30000,1300,6000
436,-1,-1,4,2,4,1,"WeaponDamage",120,73500,4000,14700
437,-1,-1,4,2,5,1,"WeaponDamage",180,194500,12100,38900
438,-1,-1,4,2,6,1,"WeaponDamage",180,583500,36400,116700
439,-1,-1,4,2,1,2,"WeaponDamage",45,500,100,100
440,-1,-1,4,2,2,2,"WeaponDamage",45,12500,400,2500
441,-1,-1,4,2,3,2,"WeaponDamage",90,30000,1300,6000
442,-1,-1,4,2,4,2,"WeaponDamage",120,73500,4000,14700
443,-1,-1,4,2,5,2,"WeaponDamage",180,194500,12100,38900
444,-1,-1,4,2,6,2,"WeaponDamage",180,583500,36400,116700
445,-1,-1,4,2,1,2,"WeaponCritDamageMultiplier",1.2,500,100,100
446,-1,-1,4,2,2,2,"WeaponCritDamageMultiplier",1.575,12500,400,2500
447,-1,-1,4,2,3,2,"WeaponCritDamageMultiplier",1.725,30000,1300,6000
448,-1,-1,4,2,4,2,"WeaponCritDamageMultiplier",3,73500,4000,14700
449,-1,-1,4,2,5,2,"WeaponCritDamageMultiplier",.75,194500,12100,38900
450,-1,-1,4,2,6,2,"WeaponCritDamageMultiplier",.75,583500,36400,116700
451,-1,-1,4,3,1,0,"WeaponMagazineSize",6,500,100,100
452,-1,-1,4,3,2,0,"WeaponMagazineSize",6,12500,400,2500
453,-1,-1,4,3,3,0,"WeaponMagazineSize",6,30000,1300,6000
454,-1,-1,4,3,4,0,"WeaponMagazineSize",6,73500,4000,14700
455,-1,-1,4,3,5,0,"WeaponMagazineSize",6,194500,12100,38900
456,-1,-1,4,3,6,0,"WeaponMagazineSize",6,583500,36400,116700
457,-1,-1,4,3,1,0,"WeaponDamage",45,500,100,100
458,-1,-1,4,3,2,0,"WeaponDamage",45,12500,400,2500
459,-1,-1,4,3,3,0,"WeaponDamage",90,30000,1300,6000
460,-1,-1,4,3,4,0,"WeaponDamage",180,73500,4000,14700
461,-1,-1,4,3,5,0,"WeaponDamage",240,194500,12100,38900
462,-1,-1,4,3,6,0,"WeaponDamage",240,583500,36400,116700
463,-1,-1,4,3,1,1,"WeaponCritChance",15,500,100,100
464,-1,-1,4,3,2,1,"WeaponCritChance",15,12500,400,2500
465,-1,-1,4,3,3,1,"WeaponCritChance",21,30000,1300,6000
466,-1,-1,4,3,4,1,"WeaponCritChance",30,73500,4000,14700
467,-1,-1,4,3,5,1,"WeaponCritChance",30,194500,12100,38900
468,-1,-1,4,3,6,1,"WeaponCritChance",30,583500,36400,116700
469,-1,-1,4,3,1,2,"WeaponCritChance",15,500,100,100
470,-1,-1,4,3,2,2,"WeaponCritChance",15,12500,400,2500
471,-1,-1,4,3,3,2,"WeaponCritChance",21,30000,1300,6000
472,-1,-1,4,3,4,2,"WeaponCritChance",30,73500,4000,14700
473,-1,-1,4,3,5,2,"WeaponCritChance",45,194500,12100,38900
474,-1,-1,4,3,6,2,"WeaponCritChance",45,583500,36400,116700
475,-1,-1,4,3,1,2,"WeaponCritDamageMultiplier",1.2,500,100,100
476,-1,-1,4,3,2,2,"WeaponCritDamageMultiplier",1.575,12500,400,2500
477,-1,-1,4,3,3,2,"WeaponCritDamageMultiplier",1.725,30000,1300,6000
478,-1,-1,4,3,4,2,"WeaponCritDamageMultiplier",3,73500,4000,14700
479,-1,-1,4,3,5,2,"WeaponCritDamageMultiplier",.75,194500,12100,38900
480,-1,-1,4,3,6,2,"WeaponCritDamageMultiplier",.75,583500,36400,116700
481,-1,-1,6,6,1,0,"WeaponDamage",45,2000,400,400
482,-1,-1,6,6,2,0,"WeaponDamage",45,50000,1600,10000
483,-1,-1,6,6,3,0,"WeaponDamage",90,120000,5200,24000
484,-1,-1,6,6,4,0,"WeaponDamage",120,294000,16000,58800
485,-1,-1,6,6,5,0,"WeaponDamage",180,778000,48400,155600
486,-1,-1,6,6,6,0,"WeaponDamage",180,2334000,145600,466800
487,-1,-1,6,6,1,0,"WeaponAccuracy",.15,2000,400,400
488,-1,-1,6,6,2,0,"WeaponAccuracy",.15,50000,1600,10000
489,-1,-1,6,6,3,0,"WeaponAccuracy",.21,120000,5200,24000
490,-1,-1,6,6,4,0,"WeaponAccuracy",.3,294000,16000,58800
491,-1,-1,6,6,5,0,"WeaponAccuracy",.45,778000,48400,155600
492,-1,-1,6,6,6,0,"WeaponAccuracy",.45,2334000,145600,466800
493,-1,-1,7,6,1,1,"WeaponDamage",300,2000,400,400
494,-1,-1,7,6,2,1,"WeaponDamage",300,50000,1600,10000
495,-1,-1,7,6,3,1,"WeaponDamage",450,120000,5200,24000
496,-1,-1,7,6,4,1,"WeaponDamage",600,294000,16000,58800
497,-1,-1,7,6,5,1,"WeaponDamage",900,778000,48400,155600
498,-1,-1,7,6,6,1,"WeaponDamage",900,2334000,145600,466800
499,-1,-1,7,6,1,0,"WeaponHealing",150,2000,400,400
500,-1,-1,7,6,2,0,"WeaponHealing",150,50000,1600,10000
501,-1,-1,7,6,3,0,"WeaponHealing",240,120000,5200,24000
502,-1,-1,7,6,4,0,"WeaponHealing",330,294000,16000,58800
503,-1,-1,7,6,5,0,"WeaponHealing",450,778000,48400,155600
504,-1,-1,7,6,6,0,"WeaponHealing",450,2334000,145600,466800
505,-1,-1,15,6,1,0,"WeaponHealing",150,2000,400,400
506,-1,-1,15,6,2,0,"WeaponHealing",150,50000,1600,10000
507,-1,-1,15,6,3,0,"WeaponHealing",240,120000,5200,24000
508,-1,-1,15,6,4,0,"WeaponHealing",330,294000,16000,58800
509,-1,-1,15,6,5,0,"WeaponHealing",450,778000,48400,155600
510,-1,-1,15,6,6,0,"WeaponHealing",450,2334000,145600,466800
511,-1,-1,15,6,1,1,"WeaponDamage",300,2000,400,400
512,-1,-1,15,6,2,1,"WeaponDamage",300,50000,1600,10000
513,-1,-1,15,6,3,1,"WeaponDamage",450,120000,5200,24000
514,-1,-1,15,6,4,1,"WeaponDamage",600,294000,16000,58800
515,-1,-1,15,6,5,1,"WeaponDamage",900,778000,48400,155600
516,-1,-1,15,6,6,1,"WeaponDamage",900,2334000,145600,466800
517,0,0,-1,-1,1,-1,"Health",45,1400,300,280
518,0,0,-1,-1,2,-1,"Health",45,36500,1200,7300
519,0,0,-1,-1,3,-1,"Health",60,89000,3900,17800
520,0,0,-1,-1,4,-1,"Health",90,219500,12000,43900
521,0,0,-1,-1,5,-1,"Health",120,583000,36300,116600
522,0,0,-1,-1,6,-1,"Health",120,1749000,109200,349800
523,0,0,-1,-1,1,-1,"MovementAllowance",1.5,1400,300,280
524,0,0,-1,-1,2,-1,"MovementAllowance",1.5,36500,1200,7300
525,0,0,-1,-1,3,-1,"MovementAllowance",3,89000,3900,17800
526,0,0,-1,-1,4,-1,"MovementAllowance",3,219500,12000,43900
527,0,0,-1,-1,5,-1,"MovementAllowance",6,583000,36300,116600
528,0,0,-1,-1,6,-1,"MovementAllowance",6,1749000,109200,349800
529,1,0,-1,-1,1,-1,"Health",45,1400,300,280
530,1,0,-1,-1,2,-1,"Health",45,36500,1200,7300
531,1,0,-1,-1,3,-1,"Health",60,89000,3900,17800
532,1,0,-1,-1,4,-1,"Health",90,219500,12000,43900
533,1,0,-1,-1,5,-1,"Health",120,583000,36300,116600
534,1,0,-1,-1,6,-1,"Health",120,1749000,109200,349800
535,2,0,-1,-1,1,-1,"Health",45,1400,300,280
536,2,0,-1,-1,2,-1,"Health",45,36500,1200,7300
537,2,0,-1,-1,3,-1,"Health",60,89000,3900,17800
538,2,0,-1,-1,4,-1,"Health",90,219500,12000,43900
539,2,0,-1,-1,5,-1,"Health",105,583000,36300,116600
540,2,0,-1,-1,6,-1,"Health",105,1749000,109200,349800
541,0,1,-1,-1,1,-1,"Health",45,1400,300,280
542,0,1,-1,-1,2,-1,"Health",45,36500,1200,7300
543,0,1,-1,-1,3,-1,"Health",60,89000,3900,17800
544,0,1,-1,-1,4,-1,"Health",90,219500,12000,43900
545,0,1,-1,-1,5,-1,"Health",120,583000,36300,116600
546,0,1,-1,-1,6,-1,"Health",120,1749000,109200,349800
547,1,1,-1,-1,1,-1,"Health",45,1400,300,280
548,1,1,-1,-1,2,-1,"Health",45,36500,1200,7300
549,1,1,-1,-1,3,-1,"Health",60,89000,3900,17800
550,1,1,-1,-1,4,-1,"Health",90,219500,12000,43900
551,1,1,-1,-1,5,-1,"Health",120,583000,36300,116600
552,1,1,-1,-1,6,-1,"Health",120,1749000,109200,349800
553,2,1,-1,-1,1,-1,"Health",30,1400,300,280
554,2,1,-1,-1,2,-1,"Health",30,36500,1200,7300
555,2,1,-1,-1,3,-1,"Health",39,89000,3900,17800
556,2,1,-1,-1,4,-1,"Health",48,219500,12000,43900
557,2,1,-1,-1,5,-1,"Health",60,583000,36300,116600
558,2,1,-1,-1,6,-1,"Health",60,1749000,109200,349800
559,0,2,-1,-1,1,-1,"Evasion",.15,1400,300,280
560,0,2,-1,-1,2,-1,"Evasion",.15,36500,1200,7300
561,0,2,-1,-1,3,-1,"Evasion",.21,89000,3900,17800
562,0,2,-1,-1,4,-1,"Evasion",.3,219500,12000,43900
563,0,2,-1,-1,5,-1,"Evasion",.6,583000,36300,116600
564,0,2,-1,-1,6,-1,"Evasion",.6,1749000,109200,349800
565,1,2,-1,-1,1,-1,"Evasion",.15,1400,300,280
566,1,2,-1,-1,2,-1,"Evasion",.15,36500,1200,7300
567,1,2,-1,-1,3,-1,"Evasion",.21,89000,3900,17800
568,1,2,-1,-1,4,-1,"Evasion",.3,219500,12000,43900
569,1,2,-1,-1,5,-1,"Evasion",.6,583000,36300,116600
570,1,2,-1,-1,6,-1,"Evasion",.6,1749000,109200,349800
571,2,2,-1,-1,1,-1,"Evasion",.15,1400,300,280
572,2,2,-1,-1,2,-1,"Evasion",.15,36500,1200,7300
573,2,2,-1,-1,3,-1,"Evasion",.21,89000,3900,17800
574,2,2,-1,-1,4,-1,"Evasion",.3,219500,12000,43900
575,2,2,-1,-1,5,-1,"Evasion",.6,583000,36300,116600
576,2,2,-1,-1,6,-1,"Evasion",.6,1749000,109200,349800
577,0,3,-1,-1,1,-1,"Evasion",.18,1400,300,280
578,0,3,-1,-1,2,-1,"Evasion",.18,36500,1200,7300
579,0,3,-1,-1,3,-1,"Evasion",.3,89000,3900,17800
580,0,3,-1,-1,4,-1,"Evasion",.42,219500,12000,43900
581,0,3,-1,-1,5,-1,"Evasion",.6,583000,36300,116600
582,0,3,-1,-1,6,-1,"Evasion",.6,1749000,109200,349800
583,1,3,-1,-1,1,-1,"Evasion",.18,1400,300,280
584,1,3,-1,-1,2,-1,"Evasion",.18,36500,1200,7300
585,1,3,-1,-1,3,-1,"Evasion",.3,89000,3900,17800
586,1,3,-1,-1,4,-1,"Evasion",.42,219500,12000,43900
587,1,3,-1,-1,5,-1,"Evasion",.6,583000,36300,116600
588,1,3,-1,-1,6,-1,"Evasion",.6,1749000,109200,349800
589,2,3,-1,-1,1,-1,"Evasion",.09,1400,300,280
590,2,3,-1,-1,2,-1,"Evasion",.09,36500,1200,7300
591,2,3,-1,-1,3,-1,"Evasion",.15,89000,3900,17800
592,2,3,-1,-1,4,-1,"Evasion",.21,219500,12000,43900
593,2,3,-1,-1,5,-1,"Evasion",.3,583000,36300,116600
594,2,3,-1,-1,6,-1,"Evasion",.3,1749000,109200,349800
595,0,4,-1,-1,1,-1,"Evasion",.15,1400,300,280
596,0,4,-1,-1,2,-1,"Evasion",.15,36500,1200,7300
597,0,4,-1,-1,3,-1,"Evasion",.21,89000,3900,17800
598,0,4,-1,-1,4,-1,"Evasion",.3,219500,12000,43900
599,0,4,-1,-1,5,-1,"Evasion",.6,583000,36300,116600
600,0,4,-1,-1,6,-1,"Evasion",.6,1749000,109200,349800
601,1,4,-1,-1,1,-1,"Evasion",.15,1400,300,280
602,1,4,-1,-1,2,-1,"Evasion",.15,36500,1200,7300
603,1,4,-1,-1,3,-1,"Evasion",.21,89000,3900,17800
604,1,4,-1,-1,4,-1,"Evasion",.3,219500,12000,43900
605,1,4,-1,-1,5,-1,"Evasion",.6,583000,36300,116600
606,1,4,-1,-1,6,-1,"Evasion",.6,1749000,109200,349800
607,2,4,-1,-1,1,-1,"Evasion",.09,1400,300,280
608,2,4,-1,-1,2,-1,"Evasion",.09,36500,1200,7300
609,2,4,-1,-1,3,-1,"Evasion",.12,89000,3900,17800
610,2,4,-1,-1,4,-1,"Evasion",.15,219500,12000,43900
611,2,4,-1,-1,5,-1,"Evasion",.3,583000,36300,116600
612,2,4,-1,-1,6,-1,"Evasion",.3,1749000,109200,349800
613,0,5,-1,-1,1,-1,"Health",45,1400,300,280
614,0,5,-1,-1,2,-1,"Health",45,36500,1200,7300
615,0,5,-1,-1,3,-1,"Health",60,89000,3900,17800
616,0,5,-1,-1,4,-1,"Health",90,219500,12000,43900
617,0,5,-1,-1,5,-1,"Health",120,583000,36300,116600
618,0,5,-1,-1,6,-1,"Health",120,1749000,109200,349800
619,1,5,-1,-1,1,-1,"Health",60,1400,300,280
620,1,5,-1,-1,2,-1,"Health",60,36500,1200,7300
621,1,5,-1,-1,3,-1,"Health",90,89000,3900,17800
622,1,5,-1,-1,4,-1,"Health",135,219500,12000,43900
623,1,5,-1,-1,5,-1,"Health",180,583000,36300,116600
624,1,5,-1,-1,6,-1,"Health",180,1749000,109200,349800
625,1,5,-1,-1,1,-1,"Resilience",.3,1400,300,280
626,1,5,-1,-1,2,-1,"Resilience",.3,36500,1200,7300
627,1,5,-1,-1,3,-1,"Resilience",.45,89000,3900,17800
628,1,5,-1,-1,4,-1,"Resilience",.6,219500,12000,43900
629,1,5,-1,-1,5,-1,"Resilience",.9,583000,36300,116600
630,1,5,-1,-1,6,-1,"Resilience",.9,1749000,109200,349800
631,2,5,-1,-1,1,-1,"Health",30,1400,300,280
632,2,5,-1,-1,2,-1,"Health",30,36500,1200,7300
633,2,5,-1,-1,3,-1,"Health",39,89000,3900,17800
634,2,5,-1,-1,4,-1,"Health",48,219500,12000,43900
635,2,5,-1,-1,5,-1,"Health",60,583000,36300,116600
636,2,5,-1,-1,6,-1,"Health",60,1749000,109200,349800
637,0,6,-1,-1,1,-1,"Health",45,1400,300,280
638,0,6,-1,-1,2,-1,"Health",45,36500,1200,7300
639,0,6,-1,-1,3,-1,"Health",60,89000,3900,17800
640,0,6,-1,-1,4,-1,"Health",90,219500,12000,43900
641,0,6,-1,-1,5,-1,"Health",120,583000,36300,116600
642,0,6,-1,-1,6,-1,"Health",120,1749000,109200,349800
643,1,6,-1,-1,1,-1,"Health",45,1400,300,280
644,1,6,-1,-1,2,-1,"Health",45,36500,1200,7300
645,1,6,-1,-1,3,-1,"Health",60,89000,3900,17800
646,1,6,-1,-1,4,-1,"Health",90,219500,12000,43900
647,1,6,-1,-1,5,-1,"Health",120,583000,36300,116600
648,1,6,-1,-1,6,-1,"Health",120,1749000,109200,349800
649,2,6,-1,-1,1,-1,"Health",30,1400,300,280
650,2,6,-1,-1,2,-1,"Health",30,36500,1200,7300
651,2,6,-1,-1,3,-1,"Health",39,89000,3900,17800
652,2,6,-1,-1,4,-1,"Health",48,219500,12000,43900
653,2,6,-1,-1,5,-1,"Health",60,583000,36300,116600
654,2,6,-1,-1,6,-1,"Health",60,1749000,109200,349800
655,0,7,-1,-1,1,-1,"Evasion",.15,1400,300,280
656,0,7,-1,-1,2,-1,"Evasion",.15,36500,1200,7300
657,0,7,-1,-1,3,-1,"Evasion",.21,89000,3900,17800
658,0,7,-1,-1,4,-1,"Evasion",.3,219500,12000,43900
659,0,7,-1,-1,5,-1,"Evasion",.6,583000,36300,116600
660,0,7,-1,-1,6,-1,"Evasion",.6,1749000,109200,349800
661,0,7,-1,-1,1,-1,"MovementAllowance",1.5,1400,300,280
662,0,7,-1,-1,2,-1,"MovementAllowance",1.5,36500,1200,7300
663,0,7,-1,-1,3,-1,"MovementAllowance",3,89000,3900,17800
664,0,7,-1,-1,4,-1,"MovementAllowance",4.5,219500,12000,43900
665,0,7,-1,-1,5,-1,"MovementAllowance",6,583000,36300,116600
666,0,7,-1,-1,6,-1,"MovementAllowance",6,1749000,109200,349800
667,1,7,-1,-1,1,-1,"Evasion",.15,1400,300,280
668,1,7,-1,-1,2,-1,"Evasion",.15,36500,1200,7300
669,1,7,-1,-1,3,-1,"Evasion",.21,89000,3900,17800
670,1,7,-1,-1,4,-1,"Evasion",.3,219500,12000,43900
671,1,7,-1,-1,5,-1,"Evasion",.6,583000,36300,116600
672,1,7,-1,-1,6,-1,"Evasion",.6,1749000,109200,349800
673,2,7,-1,-1,1,-1,"Evasion",.09,1400,300,280
674,2,7,-1,-1,2,-1,"Evasion",.09,36500,1200,7300
675,2,7,-1,-1,3,-1,"Evasion",.12,89000,3900,17800
676,2,7,-1,-1,4,-1,"Evasion",.15,219500,12000,43900
677,2,7,-1,-1,5,-1,"Evasion",.3,583000,36300,116600
678,2,7,-1,-1,6,-1,"Evasion",.3,1749000,109200,349800
679,0,8,-1,-1,1,-1,"Health",45,1400,300,280
680,0,8,-1,-1,2,-1,"Health",45,36500,1200,7300
681,0,8,-1,-1,3,-1,"Health",60,89000,3900,17800
682,0,8,-1,-1,4,-1,"Health",90,219500,12000,43900
683,0,8,-1,-1,5,-1,"Health",120,583000,36300,116600
684,0,8,-1,-1,6,-1,"Health",120,1749000,109200,349800
685,1,8,-1,-1,1,-1,"Health",45,1400,300,280
686,1,8,-1,-1,2,-1,"Health",45,36500,1200,7300
687,1,8,-1,-1,3,-1,"Health",60,89000,3900,17800
688,1,8,-1,-1,4,-1,"Health",90,219500,12000,43900
689,1,8,-1,-1,5,-1,"Health",120,583000,36300,116600
690,1,8,-1,-1,6,-1,"Health",120,1749000,109200,349800
691,2,8,-1,-1,1,-1,"Health",30,1400,300,280
692,2,8,-1,-1,2,-1,"Health",30,36500,1200,7300
693,2,8,-1,-1,3,-1,"Health",39,89000,3900,17800
694,2,8,-1,-1,4,-1,"Health",48,219500,12000,43900
695,2,8,-1,-1,5,-1,"Health",60,583000,36300,116600
696,2,8,-1,-1,6,-1,"Health",60,1749000,109200,349800
697,0,9,-1,-1,1,-1,"Evasion",.15,1400,300,280
698,0,9,-1,-1,2,-1,"Evasion",.15,36500,1200,7300
699,0,9,-1,-1,3,-1,"Evasion",.21,89000,3900,17800
700,0,9,-1,-1,4,-1,"Evasion",.3,219500,12000,43900
701,0,9,-1,-1,5,-1,"Evasion",.6,583000,36300,116600
702,0,9,-1,-1,6,-1,"Evasion",.6,1749000,109200,349800
703,1,9,-1,-1,1,-1,"Evasion",.15,1400,300,280
704,1,9,-1,-1,2,-1,"Evasion",.15,36500,1200,7300
705,1,9,-1,-1,3,-1,"Evasion",.21,89000,3900,17800
706,1,9,-1,-1,4,-1,"Evasion",.3,219500,12000,43900
707,1,9,-1,-1,5,-1,"Evasion",.6,583000,36300,116600
708,1,9,-1,-1,6,-1,"Evasion",.6,1749000,109200,349800
709,2,9,-1,-1,1,-1,"Evasion",.09,1400,300,280
710,2,9,-1,-1,2,-1,"Evasion",.09,36500,1200,7300
711,2,9,-1,-1,3,-1,"Evasion",.15,89000,3900,17800
712,2,9,-1,-1,4,-1,"Evasion",.21,219500,12000,43900
713,2,9,-1,-1,5,-1,"Evasion",.3,583000,36300,116600
714,2,9,-1,-1,6,-1,"Evasion",.3,1749000,109200,349800
715,0,11,-1,-1,1,-1,"Evasion",.3,1400,300,280
716,0,11,-1,-1,2,-1,"Evasion",.3,36500,1200,7300
717,0,11,-1,-1,3,-1,"Evasion",.3,89000,3900,17800
718,0,11,-1,-1,4,-1,"Evasion",.3,219500,12000,43900
719,0,11,-1,-1,5,-1,"Evasion",.3,583000,36300,116600
720,0,11,-1,-1,6,-1,"Evasion",.3,1749000,109200,349800
721,1,11,-1,-1,1,-1,"Evasion",.3,1400,300,280
722,1,11,-1,-1,2,-1,"Evasion",.3,36500,1200,7300
723,1,11,-1,-1,3,-1,"Evasion",.3,89000,3900,17800
724,1,11,-1,-1,4,-1,"Evasion",.3,219500,12000,43900
725,1,11,-1,-1,5,-1,"Evasion",.3,583000,36300,116600
726,1,11,-1,-1,6,-1,"Evasion",.3,1749000,109200,349800
727,2,11,-1,-1,1,-1,"Evasion",.15,1400,300,280
728,2,11,-1,-1,2,-1,"Evasion",.15,36500,1200,7300
729,2,11,-1,-1,3,-1,"Evasion",.21,89000,3900,17800
730,2,11,-1,-1,4,-1,"Evasion",.3,219500,12000,43900
731,2,11,-1,-1,5,-1,"Evasion",.36,583000,36300,116600
732,2,11,-1,-1,6,-1,"Evasion",.45,1749000,109200,349800
733,0,12,-1,-1,1,-1,"Health",90,1400,300,280
734,0,12,-1,-1,2,-1,"Health",90,36500,1200,7300
735,0,12,-1,-1,3,-1,"Health",90,89000,3900,17800
736,0,12,-1,-1,4,-1,"Health",90,219500,12000,43900
737,0,12,-1,-1,5,-1,"Health",90,583000,36300,116600
738,0,12,-1,-1,6,-1,"Health",90,1749000,109200,349800
739,1,12,-1,-1,1,-1,"Health",90,1400,300,280
740,1,12,-1,-1,2,-1,"Health",90,36500,1200,7300
741,1,12,-1,-1,3,-1,"Health",90,89000,3900,17800
742,1,12,-1,-1,4,-1,"Health",90,219500,12000,43900
743,1,12,-1,-1,5,-1,"Health",90,583000,36300,116600
744,1,12,-1,-1,6,-1,"Health",90,1749000,109200,349800
745,2,12,-1,-1,1,-1,"Health",45,1400,300,280
746,2,12,-1,-1,2,-1,"Health",45,36500,1200,7300
747,2,12,-1,-1,3,-1,"Health",45,89000,3900,17800
748,2,12,-1,-1,4,-1,"Health",45,219500,12000,43900
749,2,12,-1,-1,5,-1,"Health",45,583000,36300,116600
750,2,12,-1,-1,6,-1,"Health",45,1749000,109200,349800
751,0,10,-1,-1,1,-1,"Health",60,1400,300,280
752,0,10,-1,-1,2,-1,"Health",60,36500,1200,7300
753,0,10,-1,-1,3,-1,"Health",60,89000,3900,17800
754,0,10,-1,-1,4,-1,"Health",60,219500,12000,43900
755,0,10,-1,-1,5,-1,"Health",60,583000,36300,116600
756,0,10,-1,-1,6,-1,"Health",60,1749000,109200,349800
757,1,10,-1,-1,1,-1,"Health",60,1400,300,280
758,1,10,-1,-1,2,-1,"Health",60,36500,1200,7300
759,1,10,-1,-1,3,-1,"Health",60,89000,3900,17800
760,1,10,-1,-1,4,-1,"Health",60,219500,12000,43900
761,1,10,-1,-1,5,-1,"Health",60,583000,36300,116600
762,1,10,-1,-1,6,-1,"Health",60,1749000,109200,349800
763,2,10,-1,-1,1,-1,"Health",39,1400,300,280
764,2,10,-1,-1,2,-1,"Health",39,36500,1200,7300
765,2,10,-1,-1,3,-1,"Health",39,89000,3900,17800
766,2,10,-1,-1,4,-1,"Health",39,219500,12000,43900
767,2,10,-1,-1,5,-1,"Health",39,583000,36300,116600
768,2,10,-1,-1,6,-1,"Health",39,1749000,109200,349800
769,0,0,-1,-1,1,-1,"Evasion",.15,1400,300,280
770,0,0,-1,-1,2,-1,"Evasion",.15,36500,1200,7300
771,0,0,-1,-1,3,-1,"Evasion",.21,89000,3900,17800
772,0,0,-1,-1,4,-1,"Evasion",.3,219500,12000,43900
773,0,0,-1,-1,5,-1,"Evasion",.6,583000,36300,116600
774,0,0,-1,-1,6,-1,"Evasion",.6,1749000,109200,349800
775,0,0,-1,-1,1,-1,"Resilience",.3,1400,300,280
776,0,0,-1,-1,2,-1,"Resilience",.3,36500,1200,7300
777,0,0,-1,-1,3,-1,"Resilience",.45,89000,3900,17800
778,0,0,-1,-1,4,-1,"Resilience",.6,219500,12000,43900
779,0,0,-1,-1,5,-1,"Resilience",.9,583000,36300,116600
780,0,0,-1,-1,6,-1,"Resilience",.9,1749000,109200,349800
781,0,1,-1,-1,1,-1,"Evasion",.15,1400,300,280
782,0,1,-1,-1,2,-1,"Evasion",.15,36500,1200,7300
783,0,1,-1,-1,3,-1,"Evasion",.21,89000,3900,17800
784,0,1,-1,-1,4,-1,"Evasion",.3,219500,12000,43900
785,0,1,-1,-1,5,-1,"Evasion",.6,583000,36300,116600
786,0,1,-1,-1,6,-1,"Evasion",.6,1749000,109200,349800
787,0,1,-1,-1,1,-1,"Resilience",.3,1400,300,280
788,0,1,-1,-1,2,-1,"Resilience",.3,36500,1200,7300
789,0,1,-1,-1,3,-1,"Resilience",.45,89000,3900,17800
790,0,1,-1,-1,4,-1,"Resilience",.6,219500,12000,43900
791,0,1,-1,-1,5,-1,"Resilience",.9,583000,36300,116600
792,0,1,-1,-1,6,-1,"Resilience",.9,1749000,109200,349800
793,0,1,-1,-1,1,-1,"MovementAllowance",1.5,1400,300,280
794,0,1,-1,-1,2,-1,"MovementAllowance",1.5,36500,1200,7300
795,0,1,-1,-1,3,-1,"MovementAllowance",3,89000,3900,17800
796,0,1,-1,-1,4,-1,"MovementAllowance",3,219500,12000,43900
797,0,1,-1,-1,5,-1,"MovementAllowance",4.5,583000,36300,116600
798,0,1,-1,-1,6,-1,"MovementAllowance",6,1749000,109200,349800
799,0,2,-1,-1,1,-1,"Health",45,1400,300,280
800,0,2,-1,-1,2,-1,"Health",45,36500,1200,7300
801,0,2,-1,-1,3,-1,"Health",60,89000,3900,17800
802,0,2,-1,-1,4,-1,"Health",90,219500,12000,43900
803,0,2,-1,-1,5,-1,"Health",105,583000,36300,116600
804,0,2,-1,-1,6,-1,"Health",105,1749000,109200,349800
805,0,2,-1,-1,1,-1,"Resilience",.3,1400,300,280
806,0,2,-1,-1,2,-1,"Resilience",.3,36500,1200,7300
807,0,2,-1,-1,3,-1,"Resilience",.45,89000,3900,17800
808,0,2,-1,-1,4,-1,"Resilience",.6,219500,12000,43900
809,0,2,-1,-1,5,-1,"Resilience",.9,583000,36300,116600
810,0,2,-1,-1,6,-1,"Resilience",.9,1749000,109200,349800
811,0,2,-1,-1,1,-1,"MovementAllowance",1.5,1400,300,280
812,0,2,-1,-1,2,-1,"MovementAllowance",1.5,36500,1200,7300
813,0,2,-1,-1,3,-1,"MovementAllowance",3,89000,3900,17800
814,0,2,-1,-1,4,-1,"MovementAllowance",3,219500,12000,43900
815,0,2,-1,-1,5,-1,"MovementAllowance",4.5,583000,36300,116600
816,0,2,-1,-1,6,-1,"MovementAllowance",6,1749000,109200,349800
817,0,3,-1,-1,1,-1,"Health",45,1400,300,280
818,0,3,-1,-1,2,-1,"Health",45,36500,1200,7300
819,0,3,-1,-1,3,-1,"Health",60,89000,3900,17800
820,0,3,-1,-1,4,-1,"Health",90,219500,12000,43900
821,0,3,-1,-1,5,-1,"Health",105,583000,36300,116600
822,0,3,-1,-1,6,-1,"Health",105,1749000,109200,349800
823,0,3,-1,-1,1,-1,"Resilience",.3,1400,300,280
824,0,3,-1,-1,2,-1,"Resilience",.3,36500,1200,7300
825,0,3,-1,-1,3,-1,"Resilience",.45,89000,3900,17800
826,0,3,-1,-1,4,-1,"Resilience",.6,219500,12000,43900
827,0,3,-1,-1,5,-1,"Resilience",.9,583000,36300,116600
828,0,3,-1,-1,6,-1,"Resilience",.9,1749000,109200,349800
829,0,3,-1,-1,1,-1,"MovementAllowance",1.5,1400,300,280
830,0,3,-1,-1,2,-1,"MovementAllowance",1.5,36500,1200,7300
831,0,3,-1,-1,3,-1,"MovementAllowance",3,89000,3900,17800
832,0,3,-1,-1,4,-1,"MovementAllowance",3,219500,12000,43900
833,0,3,-1,-1,5,-1,"MovementAllowance",4.5,583000,36300,116600
834,0,3,-1,-1,6,-1,"MovementAllowance",6,1749000,109200,349800
835,0,4,-1,-1,1,-1,"Health",45,1400,300,280
836,0,4,-1,-1,2,-1,"Health",45,36500,1200,7300
837,0,4,-1,-1,3,-1,"Health",60,89000,3900,17800
838,0,4,-1,-1,4,-1,"Health",90,219500,12000,43900
839,0,4,-1,-1,5,-1,"Health",105,583000,36300,116600
840,0,4,-1,-1,6,-1,"Health",105,1749000,109200,349800
841,0,4,-1,-1,1,-1,"Resilience",.3,1400,300,280
842,0,4,-1,-1,2,-1,"Resilience",.3,36500,1200,7300
843,0,4,-1,-1,3,-1,"Resilience",.45,89000,3900,17800
844,0,4,-1,-1,4,-1,"Resilience",.6,219500,12000,43900
845,0,4,-1,-1,5,-1,"Resilience",.9,583000,36300,116600
846,0,4,-1,-1,6,-1,"Resilience",.9,1749000,109200,349800
847,0,4,-1,-1,1,-1,"MovementAllowance",1.5,1400,300,280
848,0,4,-1,-1,2,-1,"MovementAllowance",1.5,36500,1200,7300
849,0,4,-1,-1,3,-1,"MovementAllowance",3,89000,3900,17800
850,0,4,-1,-1,4,-1,"MovementAllowance",3,219500,12000,43900
851,0,4,-1,-1,5,-1,"MovementAllowance",4.5,583000,36300,116600
852,0,4,-1,-1,6,-1,"MovementAllowance",6,1749000,109200,349800
853,0,5,-1,-1,1,-1,"Evasion",.15,1400,300,280
854,0,5,-1,-1,2,-1,"Evasion",.15,36500,1200,7300
855,0,5,-1,-1,3,-1,"Evasion",.21,89000,3900,17800
856,0,5,-1,-1,4,-1,"Evasion",.3,219500,12000,43900
857,0,5,-1,-1,5,-1,"Evasion",.6,583000,36300,116600
858,0,5,-1,-1,6,-1,"Evasion",.6,1749000,109200,349800
859,0,5,-1,-1,1,-1,"Resilience",.3,1400,300,280
860,0,5,-1,-1,2,-1,"Resilience",.3,36500,1200,7300
861,0,5,-1,-1,3,-1,"Resilience",.45,89000,3900,17800
862,0,5,-1,-1,4,-1,"Resilience",.6,219500,12000,43900
863,0,5,-1,-1,5,-1,"Resilience",.9,583000,36300,116600
864,0,5,-1,-1,6,-1,"Resilience",.9,1749000,109200,349800
865,0,5,-1,-1,1,-1,"MovementAllowance",1.5,1400,300,280
866,0,5,-1,-1,2,-1,"MovementAllowance",1.5,36500,1200,7300
867,0,5,-1,-1,3,-1,"MovementAllowance",3,89000,3900,17800
868,0,5,-1,-1,4,-1,"MovementAllowance",3,219500,12000,43900
869,0,5,-1,-1,5,-1,"MovementAllowance",4.5,583000,36300,116600
870,0,5,-1,-1,6,-1,"MovementAllowance",6,1749000,109200,349800
871,0,6,-1,-1,1,-1,"Evasion",.15,1400,300,280
872,0,6,-1,-1,2,-1,"Evasion",.15,36500,1200,7300
873,0,6,-1,-1,3,-1,"Evasion",.21,89000,3900,17800
874,0,6,-1,-1,4,-1,"Evasion",.3,219500,12000,43900
875,0,6,-1,-1,5,-1,"Evasion",.6,583000,36300,116600
876,0,6,-1,-1,6,-1,"Evasion",.6,1749000,109200,349800
877,0,6,-1,-1,1,-1,"Resilience",.3,1400,300,280
878,0,6,-1,-1,2,-1,"Resilience",.3,36500,1200,7300
879,0,6,-1,-1,3,-1,"Resilience",.45,89000,3900,17800
880,0,6,-1,-1,4,-1,"Resilience",.6,219500,12000,43900
881,0,6,-1,-1,5,-1,"Resilience",.9,583000,36300,116600
882,0,6,-1,-1,6,-1,"Resilience",.9,1749000,109200,349800
883,0,6,-1,-1,1,-1,"MovementAllowance",1.5,1400,300,280
884,0,6,-1,-1,2,-1,"MovementAllowance",1.5,36500,1200,7300
885,0,6,-1,-1,3,-1,"MovementAllowance",3,89000,3900,17800
886,0,6,-1,-1,4,-1,"MovementAllowance",3,219500,12000,43900
887,0,6,-1,-1,5,-1,"MovementAllowance",4.5,583000,36300,116600
888,0,6,-1,-1,6,-1,"MovementAllowance",6,1749000,109200,349800
889,0,7,-1,-1,1,-1,"Health",45,1400,300,280
890,0,7,-1,-1,2,-1,"Health",45,36500,1200,7300
891,0,7,-1,-1,3,-1,"Health",60,89000,3900,17800
892,0,7,-1,-1,4,-1,"Health",90,219500,12000,43900
893,0,7,-1,-1,5,-1,"Health",105,583000,36300,116600
894,0,7,-1,-1,6,-1,"Health",105,1749000,109200,349800
895,0,7,-1,-1,1,-1,"Resilience",.3,1400,300,280
896,0,7,-1,-1,2,-1,"Resilience",.3,36500,1200,7300
897,0,7,-1,-1,3,-1,"Resilience",.45,89000,3900,17800
898,0,7,-1,-1,4,-1,"Resilience",.6,219500,12000,43900
899,0,7,-1,-1,5,-1,"Resilience",.9,583000,36300,116600
900,0,7,-1,-1,6,-1,"Resilience",.9,1749000,109200,349800
901,0,8,-1,-1,1,-1,"Evasion",.15,1400,300,280
902,0,8,-1,-1,2,-1,"Evasion",.15,36500,1200,7300
903,0,8,-1,-1,3,-1,"Evasion",.21,89000,3900,17800
904,0,8,-1,-1,4,-1,"Evasion",.3,219500,12000,43900
905,0,8,-1,-1,5,-1,"Evasion",.6,583000,36300,116600
906,0,8,-1,-1,6,-1,"Evasion",.6,1749000,109200,349800
907,0,8,-1,-1,1,-1,"Resilience",.3,1400,300,280
908,0,8,-1,-1,2,-1,"Resilience",.3,36500,1200,7300
909,0,8,-1,-1,3,-1,"Resilience",.45,89000,3900,17800
910,0,8,-1,-1,4,-1,"Resilience",.6,219500,12000,43900
911,0,8,-1,-1,5,-1,"Resilience",.9,583000,36300,116600
912,0,8,-1,-1,6,-1,"Resilience",.9,1749000,109200,349800
913,0,8,-1,-1,1,-1,"MovementAllowance",1.5,1400,300,280
914,0,8,-1,-1,2,-1,"MovementAllowance",1.5,36500,1200,7300
915,0,8,-1,-1,3,-1,"MovementAllowance",3,89000,3900,17800
916,0,8,-1,-1,4,-1,"MovementAllowance",3,219500,12000,43900
917,0,8,-1,-1,5,-1,"MovementAllowance",4.5,583000,36300,116600
918,0,8,-1,-1,6,-1,"MovementAllowance",6,1749000,109200,349800
919,0,9,-1,-1,1,-1,"Health",45,1400,300,280
920,0,9,-1,-1,2,-1,"Health",45,36500,1200,7300
921,0,9,-1,-1,3,-1,"Health",60,89000,3900,17800
922,0,9,-1,-1,4,-1,"Health",90,219500,12000,43900
923,0,9,-1,-1,5,-1,"Health",105,583000,36300,116600
924,0,9,-1,-1,6,-1,"Health",105,1749000,109200,349800
925,0,9,-1,-1,1,-1,"Resilience",.3,1400,300,280
926,0,9,-1,-1,2,-1,"Resilience",.3,36500,1200,7300
927,0,9,-1,-1,3,-1,"Resilience",.45,89000,3900,17800
928,0,9,-1,-1,4,-1,"Resilience",.6,219500,12000,43900
929,0,9,-1,-1,5,-1,"Resilience",.9,583000,36300,116600
930,0,9,-1,-1,6,-1,"Resilience",.9,1749000,109200,349800
931,0,9,-1,-1,1,-1,"MovementAllowance",1.5,1400,300,280
932,0,9,-1,-1,2,-1,"MovementAllowance",1.5,36500,1200,7300
933,0,9,-1,-1,3,-1,"MovementAllowance",3,89000,3900,17800
934,0,9,-1,-1,4,-1,"MovementAllowance",3,219500,12000,43900
935,0,9,-1,-1,5,-1,"MovementAllowance",4.5,583000,36300,116600
936,0,9,-1,-1,6,-1,"MovementAllowance",6,1749000,109200,349800
937,0,10,-1,-1,1,-1,"Evasion",.15,1400,300,280
938,0,10,-1,-1,2,-1,"Evasion",.15,36500,1200,7300
939,0,10,-1,-1,3,-1,"Evasion",.21,89000,3900,17800
940,0,10,-1,-1,4,-1,"Evasion",.3,219500,12000,43900
941,0,10,-1,-1,5,-1,"Evasion",.6,583000,36300,116600
942,0,10,-1,-1,6,-1,"Evasion",.6,1749000,109200,349800
943,0,10,-1,-1,1,-1,"Resilience",.3,1400,300,280
944,0,10,-1,-1,2,-1,"Resilience",.3,36500,1200,7300
945,0,10,-1,-1,3,-1,"Resilience",.45,89000,3900,17800
946,0,10,-1,-1,4,-1,"Resilience",.6,219500,12000,43900
947,0,10,-1,-1,5,-1,"Resilience",.9,583000,36300,116600
948,0,10,-1,-1,6,-1,"Resilience",.9,1749000,109200,349800
949,0,10,-1,-1,1,-1,"MovementAllowance",1.5,1400,300,280
950,0,10,-1,-1,2,-1,"MovementAllowance",1.5,36500,1200,7300
951,0,10,-1,-1,3,-1,"MovementAllowance",3,89000,3900,17800
952,0,10,-1,-1,4,-1,"MovementAllowance",3,219500,12000,43900
953,0,10,-1,-1,5,-1,"MovementAllowance",4.5,583000,36300,116600
954,0,10,-1,-1,6,-1,"MovementAllowance",6,1749000,109200,349800
955,0,11,-1,-1,1,-1,"Health",45,1400,300,280
956,0,11,-1,-1,2,-1,"Health",45,36500,1200,7300
957,0,11,-1,-1,3,-1,"Health",60,89000,3900,17800
958,0,11,-1,-1,4,-1,"Health",90,219500,12000,43900
959,0,11,-1,-1,5,-1,"Health",105,583000,36300,116600
960,0,11,-1,-1,6,-1,"Health",105,1749000,109200,349800
961,0,11,-1,-1,1,-1,"Resilience",.3,1400,300,280
962,0,11,-1,-1,2,-1,"Resilience",.3,36500,1200,7300
963,0,11,-1,-1,3,-1,"Resilience",.45,89000,3900,17800
964,0,11,-1,-1,4,-1,"Resilience",.6,219500,12000,43900
965,0,11,-1,-1,5,-1,"Resilience",.9,583000,36300,116600
966,0,11,-1,-1,6,-1,"Resilience",.9,1749000,109200,349800
967,0,11,-1,-1,1,-1,"MovementAllowance",1.5,1400,300,280
968,0,11,-1,-1,2,-1,"MovementAllowance",1.5,36500,1200,7300
969,0,11,-1,-1,3,-1,"MovementAllowance",3,89000,3900,17800
970,0,11,-1,-1,4,-1,"MovementAllowance",3,219500,12000,43900
971,0,11,-1,-1,5,-1,"MovementAllowance",4.5,583000,36300,116600
972,0,11,-1,-1,6,-1,"MovementAllowance",6,1749000,109200,349800
973,0,12,-1,-1,1,-1,"Evasion",.15,1400,300,280
974,0,12,-1,-1,2,-1,"Evasion",.15,36500,1200,7300
975,0,12,-1,-1,3,-1,"Evasion",.21,89000,3900,17800
976,0,12,-1,-1,4,-1,"Evasion",.3,219500,12000,43900
977,0,12,-1,-1,5,-1,"Evasion",.6,583000,36300,116600
978,0,12,-1,-1,6,-1,"Evasion",.6,1749000,109200,349800
979,0,12,-1,-1,1,-1,"Resilience",.3,1400,300,280
980,0,12,-1,-1,2,-1,"Resilience",.3,36500,1200,7300
981,0,12,-1,-1,3,-1,"Resilience",.45,89000,3900,17800
982,0,12,-1,-1,4,-1,"Resilience",.6,219500,12000,43900
983,0,12,-1,-1,5,-1,"Resilience",.9,583000,36300,116600
984,0,12,-1,-1,6,-1,"Resilience",.9,1749000,109200,349800
985,0,12,-1,-1,1,-1,"MovementAllowance",1.5,1400,300,280
986,0,12,-1,-1,2,-1,"MovementAllowance",1.5,36500,1200,7300
987,0,12,-1,-1,3,-1,"MovementAllowance",3,89000,3900,17800
988,0,12,-1,-1,4,-1,"MovementAllowance",3,219500,12000,43900
989,0,12,-1,-1,5,-1,"MovementAllowance",4.5,583000,36300,116600
990,0,12,-1,-1,6,-1,"MovementAllowance",6,1749000,109200,349800
991,1,0,-1,-1,1,-1,"Evasion",.15,1400,300,280
992,1,0,-1,-1,2,-1,"Evasion",.15,36500,1200,7300
993,1,0,-1,-1,3,-1,"Evasion",.21,89000,3900,17800
994,1,0,-1,-1,4,-1,"Evasion",.3,219500,12000,43900
995,1,0,-1,-1,5,-1,"Evasion",.6,583000,36300,116600
996,1,0,-1,-1,6,-1,"Evasion",.6,1749000,109200,349800
997,1,0,-1,-1,1,-1,"Resilience",.3,1400,300,280
998,1,0,-1,-1,2,-1,"Resilience",.3,36500,1200,7300
999,1,0,-1,-1,3,-1,"Resilience",.45,89000,3900,17800
1000,1,0,-1,-1,4,-1,"Resilience",.6,219500,12000,43900
1001,1,0,-1,-1,5,-1,"Resilience",.9,583000,36300,116600
1002,1,0,-1,-1,6,-1,"Resilience",.9,1749000,109200,349800
1003,1,0,-1,-1,1,-1,"MovementAllowance",1.5,1400,300,280
1004,1,0,-1,-1,2,-1,"MovementAllowance",1.5,36500,1200,7300
1005,1,0,-1,-1,3,-1,"MovementAllowance",3,89000,3900,17800
1006,1,0,-1,-1,4,-1,"MovementAllowance",3,219500,12000,43900
1007,1,0,-1,-1,5,-1,"MovementAllowance",4.5,583000,36300,116600
1008,1,0,-1,-1,6,-1,"MovementAllowance",6,1749000,109200,349800
1009,1,1,-1,-1,1,-1,"Evasion",.15,1400,300,280
1010,1,1,-1,-1,2,-1,"Evasion",.15,36500,1200,7300
1011,1,1,-1,-1,3,-1,"Evasion",.21,89000,3900,17800
1012,1,1,-1,-1,4,-1,"Evasion",.3,219500,12000,43900
1013,1,1,-1,-1,5,-1,"Evasion",.6,583000,36300,116600
1014,1,1,-1,-1,6,-1,"Evasion",.6,1749000,109200,349800
1015,1,1,-1,-1,1,-1,"Resilience",.3,1400,300,280
1016,1,1,-1,-1,2,-1,"Resilience",.3,36500,1200,7300
1017,1,1,-1,-1,3,-1,"Resilience",.45,89000,3900,17800
1018,1,1,-1,-1,4,-1,"Resilience",.6,219500,12000,43900
1019,1,1,-1,-1,5,-1,"Resilience",.9,583000,36300,116600
1020,1,1,-1,-1,6,-1,"Resilience",.9,1749000,109200,349800
1021,1,1,-1,-1,1,-1,"MovementAllowance",1.5,1400,300,280
1022,1,1,-1,-1,2,-1,"MovementAllowance",1.5,36500,1200,7300
1023,1,1,-1,-1,3,-1,"MovementAllowance",3,89000,3900,17800
1024,1,1,-1,-1,4,-1,"MovementAllowance",3,219500,12000,43900
1025,1,1,-1,-1,5,-1,"MovementAllowance",4.5,583000,36300,116600
1026,1,1,-1,-1,6,-1,"MovementAllowance",6,1749000,109200,349800
1027,1,2,-1,-1,1,-1,"Health",45,1400,300,280
1028,1,2,-1,-1,2,-1,"Health",45,36500,1200,7300
1029,1,2,-1,-1,3,-1,"Health",60,89000,3900,17800
1030,1,2,-1,-1,4,-1,"Health",90,219500,12000,43900
1031,1,2,-1,-1,5,-1,"Health",105,583000,36300,116600
1032,1,2,-1,-1,6,-1,"Health",105,1749000,109200,349800
1033,1,2,-1,-1,1,-1,"Resilience",.3,1400,300,280
1034,1,2,-1,-1,2,-1,"Resilience",.3,36500,1200,7300
1035,1,2,-1,-1,3,-1,"Resilience",.45,89000,3900,17800
1036,1,2,-1,-1,4,-1,"Resilience",.6,219500,12000,43900
1037,1,2,-1,-1,5,-1,"Resilience",.9,583000,36300,116600
1038,1,2,-1,-1,6,-1,"Resilience",.9,1749000,109200,349800
1039,1,2,-1,-1,1,-1,"MovementAllowance",1.5,1400,300,280
1040,1,2,-1,-1,2,-1,"MovementAllowance",1.5,36500,1200,7300
1041,1,2,-1,-1,3,-1,"MovementAllowance",3,89000,3900,17800
1042,1,2,-1,-1,4,-1,"MovementAllowance",3,219500,12000,43900
1043,1,2,-1,-1,5,-1,"MovementAllowance",4.5,583000,36300,116600
1044,1,2,-1,-1,6,-1,"MovementAllowance",6,1749000,109200,349800
1045,1,3,-1,-1,1,-1,"Health",45,1400,300,280
1046,1,3,-1,-1,2,-1,"Health",45,36500,1200,7300
1047,1,3,-1,-1,3,-1,"Health",60,89000,3900,17800
1048,1,3,-1,-1,4,-1,"Health",90,219500,12000,43900
1049,1,3,-1,-1,5,-1,"Health",105,583000,36300,116600
1050,1,3,-1,-1,6,-1,"Health",105,1749000,109200,349800
1051,1,3,-1,-1,1,-1,"Resilience",.3,1400,300,280
1052,1,3,-1,-1,2,-1,"Resilience",.3,36500,1200,7300
1053,1,3,-1,-1,3,-1,"Resilience",.45,89000,3900,17800
1054,1,3,-1,-1,4,-1,"Resilience",.6,219500,12000,43900
1055,1,3,-1,-1,5,-1,"Resilience",.9,583000,36300,116600
1056,1,3,-1,-1,6,-1,"Resilience",.9,1749000,109200,349800
1057,1,3,-1,-1,1,-1,"MovementAllowance",1.5,1400,300,280
1058,1,3,-1,-1,2,-1,"MovementAllowance",1.5,36500,1200,7300
1059,1,3,-1,-1,3,-1,"MovementAllowance",3,89000,3900,17800
1060,1,3,-1,-1,4,-1,"MovementAllowance",3,219500,12000,43900
1061,1,3,-1,-1,5,-1,"MovementAllowance",4.5,583000,36300,116600
1062,1,3,-1,-1,6,-1,"MovementAllowance",6,1749000,109200,349800
1063,1,4,-1,-1,1,-1,"Health",45,1400,300,280
1064,1,4,-1,-1,2,-1,"Health",45,36500,1200,7300
1065,1,4,-1,-1,3,-1,"Health",60,89000,3900,17800
1066,1,4,-1,-1,4,-1,"Health",90,219500,12000,43900
1067,1,4,-1,-1,5,-1,"Health",105,583000,36300,116600
1068,1,4,-1,-1,6,-1,"Health",105,1749000,109200,349800
1069,1,4,-1,-1,1,-1,"Resilience",.3,1400,300,280
1070,1,4,-1,-1,2,-1,"Resilience",.3,36500,1200,7300
1071,1,4,-1,-1,3,-1,"Resilience",.45,89000,3900,17800
1072,1,4,-1,-1,4,-1,"Resilience",.6,219500,12000,43900
1073,1,4,-1,-1,5,-1,"Resilience",.9,583000,36300,116600
1074,1,4,-1,-1,6,-1,"Resilience",.9,1749000,109200,349800
1075,1,4,-1,-1,1,-1,"MovementAllowance",1.5,1400,300,280
1076,1,4,-1,-1,2,-1,"MovementAllowance",1.5,36500,1200,7300
1077,1,4,-1,-1,3,-1,"MovementAllowance",3,89000,3900,17800
1078,1,4,-1,-1,4,-1,"MovementAllowance",3,219500,12000,43900
1079,1,4,-1,-1,5,-1,"MovementAllowance",4.5,583000,36300,116600
1080,1,4,-1,-1,6,-1,"MovementAllowance",6,1749000,109200,349800
1081,1,5,-1,-1,1,-1,"Evasion",.15,1400,300,280
1082,1,5,-1,-1,2,-1,"Evasion",.15,36500,1200,7300
1083,1,5,-1,-1,3,-1,"Evasion",.21,89000,3900,17800
1084,1,5,-1,-1,4,-1,"Evasion",.3,219500,12000,43900
1085,1,5,-1,-1,5,-1,"Evasion",.6,583000,36300,116600
1086,1,5,-1,-1,6,-1,"Evasion",.6,1749000,109200,349800
1087,1,5,-1,-1,1,-1,"MovementAllowance",1.5,1400,300,280
1088,1,5,-1,-1,2,-1,"MovementAllowance",1.5,36500,1200,7300
1089,1,5,-1,-1,3,-1,"MovementAllowance",3,89000,3900,17800
1090,1,5,-1,-1,4,-1,"MovementAllowance",3,219500,12000,43900
1091,1,5,-1,-1,5,-1,"MovementAllowance",4.5,583000,36300,116600
1092,1,5,-1,-1,6,-1,"MovementAllowance",6,1749000,109200,349800
1093,1,6,-1,-1,1,-1,"Evasion",.15,1400,300,280
1094,1,6,-1,-1,2,-1,"Evasion",.15,36500,1200,7300
1095,1,6,-1,-1,3,-1,"Evasion",.21,89000,3900,17800
1096,1,6,-1,-1,4,-1,"Evasion",.3,219500,12000,43900
1097,1,6,-1,-1,5,-1,"Evasion",.6,583000,36300,116600
1098,1,6,-1,-1,6,-1,"Evasion",.6,1749000,109200,349800
1099,1,6,-1,-1,1,-1,"Resilience",.3,1400,300,280
1100,1,6,-1,-1,2,-1,"Resilience",.3,36500,1200,7300
1101,1,6,-1,-1,3,-1,"Resilience",.45,89000,3900,17800
1102,1,6,-1,-1,4,-1,"Resilience",.6,219500,12000,43900
1103,1,6,-1,-1,5,-1,"Resilience",.9,583000,36300,116600
1104,1,6,-1,-1,6,-1,"Resilience",.9,1749000,109200,349800
1105,1,6,-1,-1,1,-1,"MovementAllowance",1.5,1400,300,280
1106,1,6,-1,-1,2,-1,"MovementAllowance",1.5,36500,1200,7300
1107,1,6,-1,-1,3,-1,"MovementAllowance",3,89000,3900,17800
1108,1,6,-1,-1,4,-1,"MovementAllowance",3,219500,12000,43900
1109,1,6,-1,-1,5,-1,"MovementAllowance",4.5,583000,36300,116600
1110,1,6,-1,-1,6,-1,"MovementAllowance",6,1749000,109200,349800
1111,1,7,-1,-1,1,-1,"Health",45,1400,300,280
1112,1,7,-1,-1,2,-1,"Health",45,36500,1200,7300
1113,1,7,-1,-1,3,-1,"Health",60,89000,3900,17800
1114,1,7,-1,-1,4,-1,"Health",90,219500,12000,43900
1115,1,7,-1,-1,5,-1,"Health",105,583000,36300,116600
1116,1,7,-1,-1,6,-1,"Health",105,1749000,109200,349800
1117,1,7,-1,-1,1,-1,"Resilience",.3,1400,300,280
1118,1,7,-1,-1,2,-1,"Resilience",.3,36500,1200,7300
1119,1,7,-1,-1,3,-1,"Resilience",.45,89000,3900,17800
1120,1,7,-1,-1,4,-1,"Resilience",.6,219500,12000,43900
1121,1,7,-1,-1,5,-1,"Resilience",.9,583000,36300,116600
1122,1,7,-1,-1,6,-1,"Resilience",.9,1749000,109200,349800
1123,1,7,-1,-1,1,-1,"MovementAllowance",1.5,1400,300,280
1124,1,7,-1,-1,2,-1,"MovementAllowance",1.5,36500,1200,7300
1125,1,7,-1,-1,3,-1,"MovementAllowance",3,89000,3900,17800
1126,1,7,-1,-1,4,-1,"MovementAllowance",3,219500,12000,43900
1127,1,7,-1,-1,5,-1,"MovementAllowance",4.5,583000,36300,116600
1128,1,7,-1,-1,6,-1,"MovementAllowance",6,1749000,109200,349800
1129,1,8,-1,-1,1,-1,"Evasion",.15,1400,300,280
1130,1,8,-1,-1,2,-1,"Evasion",.15,36500,1200,7300
1131,1,8,-1,-1,3,-1,"Evasion",.21,89000,3900,17800
1132,1,8,-1,-1,4,-1,"Evasion",.3,219500,12000,43900
1133,1,8,-1,-1,5,-1,"Evasion",.6,583000,36300,116600
1134,1,8,-1,-1,6,-1,"Evasion",.6,1749000,109200,349800
1135,1,8,-1,-1,1,-1,"Resilience",.3,1400,300,280
1136,1,8,-1,-1,2,-1,"Resilience",.3,36500,1200,7300
1137,1,8,-1,-1,3,-1,"Resilience",.45,89000,3900,17800
1138,1,8,-1,-1,4,-1,"Resilience",.6,219500,12000,43900
1139,1,8,-1,-1,5,-1,"Resilience",.9,583000,36300,116600
1140,1,8,-1,-1,6,-1,"Resilience",.9,1749000,109200,349800
1141,1,8,-1,-1,1,-1,"MovementAllowance",1.5,1400,300,280
1142,1,8,-1,-1,2,-1,"MovementAllowance",1.5,36500,1200,7300
1143,1,8,-1,-1,3,-1,"MovementAllowance",3,89000,3900,17800
1144,1,8,-1,-1,4,-1,"MovementAllowance",3,219500,12000,43900
1145,1,8,-1,-1,5,-1,"MovementAllowance",4.5,583000,36300,116600
1146,1,8,-1,-1,6,-1,"MovementAllowance",6,1749000,109200,349800
1147,1,9,-1,-1,1,-1,"Health",45,1400,300,280
1148,1,9,-1,-1,2,-1,"Health",45,36500,1200,7300
1149,1,9,-1,-1,3,-1,"Health",60,89000,3900,17800
1150,1,9,-1,-1,4,-1,"Health",90,219500,12000,43900
1151,1,9,-1,-1,5,-1,"Health",105,583000,36300,116600
1152,1,9,-1,-1,6,-1,"Health",105,1749000,109200,349800
1153,1,9,-1,-1,1,-1,"Resilience",.3,1400,300,280
1154,1,9,-1,-1,2,-1,"Resilience",.3,36500,1200,7300
1155,1,9,-1,-1,3,-1,"Resilience",.45,89000,3900,17800
1156,1,9,-1,-1,4,-1,"Resilience",.6,219500,12000,43900
1157,1,9,-1,-1,5,-1,"Resilience",.9,583000,36300,116600
1158,1,9,-1,-1,6,-1,"Resilience",.9,1749000,109200,349800
1159,1,9,-1,-1,1,-1,"MovementAllowance",1.5,1400,300,280
1160,1,9,-1,-1,2,-1,"MovementAllowance",1.5,36500,1200,7300
1161,1,9,-1,-1,3,-1,"MovementAllowance",3,89000,3900,17800
1162,1,9,-1,-1,4,-1,"MovementAllowance",3,219500,12000,43900
1163,1,9,-1,-1,5,-1,"MovementAllowance",4.5,583000,36300,116600
1164,1,9,-1,-1,6,-1,"MovementAllowance",6,1749000,109200,349800
1165,1,10,-1,-1,1,-1,"Evasion",.15,1400,300,280
1166,1,10,-1,-1,2,-1,"Evasion",.15,36500,1200,7300
1167,1,10,-1,-1,3,-1,"Evasion",.21,89000,3900,17800
1168,1,10,-1,-1,4,-1,"Evasion",.3,219500,12000,43900
1169,1,10,-1,-1,5,-1,"Evasion",.6,583000,36300,116600
1170,1,10,-1,-1,6,-1,"Evasion",.6,1749000,109200,349800
1171,1,10,-1,-1,1,-1,"Resilience",.3,1400,300,280
1172,1,10,-1,-1,2,-1,"Resilience",.3,36500,1200,7300
1173,1,10,-1,-1,3,-1,"Resilience",.45,89000,3900,17800
1174,1,10,-1,-1,4,-1,"Resilience",.6,219500,12000,43900
1175,1,10,-1,-1,5,-1,"Resilience",.9,583000,36300,116600
1176,1,10,-1,-1,6,-1,"Resilience",.9,1749000,109200,349800
1177,1,10,-1,-1,1,-1,"MovementAllowance",1.5,1400,300,280
1178,1,10,-1,-1,2,-1,"MovementAllowance",1.5,36500,1200,7300
1179,1,10,-1,-1,3,-1,"MovementAllowance",3,89000,3900,17800
1180,1,10,-1,-1,4,-1,"MovementAllowance",3,219500,12000,43900
1181,1,10,-1,-1,5,-1,"MovementAllowance",4.5,583000,36300,116600
1182,1,10,-1,-1,6,-1,"MovementAllowance",6,1749000,109200,349800
1183,1,11,-1,-1,1,-1,"Health",45,1400,300,280
1184,1,11,-1,-1,2,-1,"Health",45,36500,1200,7300
1185,1,11,-1,-1,3,-1,"Health",60,89000,3900,17800
1186,1,11,-1,-1,4,-1,"Health",90,219500,12000,43900
1187,1,11,-1,-1,5,-1,"Health",105,583000,36300,116600
1188,1,11,-1,-1,6,-1,"Health",105,1749000,109200,349800
1189,1,11,-1,-1,1,-1,"Resilience",.3,1400,300,280
1190,1,11,-1,-1,2,-1,"Resilience",.3,36500,1200,7300
1191,1,11,-1,-1,3,-1,"Resilience",.45,89000,3900,17800
1192,1,11,-1,-1,4,-1,"Resilience",.6,219500,12000,43900
1193,1,11,-1,-1,5,-1,"Resilience",.9,583000,36300,116600
1194,1,11,-1,-1,6,-1,"Resilience",.9,1749000,109200,349800
1195,1,11,-1,-1,1,-1,"MovementAllowance",1.5,1400,300,280
1196,1,11,-1,-1,2,-1,"MovementAllowance",1.5,36500,1200,7300
1197,1,11,-1,-1,3,-1,"MovementAllowance",3,89000,3900,17800
1198,1,11,-1,-1,4,-1,"MovementAllowance",3,219500,12000,43900
1199,1,11,-1,-1,5,-1,"MovementAllowance",4.5,583000,36300,116600
1200,1,11,-1,-1,6,-1,"MovementAllowance",6,1749000,109200,349800
1201,1,12,-1,-1,1,-1,"Evasion",.15,1400,300,280
1202,1,12,-1,-1,2,-1,"Evasion",.15,36500,1200,7300
1203,1,12,-1,-1,3,-1,"Evasion",.21,89000,3900,17800
1204,1,12,-1,-1,4,-1,"Evasion",.3,219500,12000,43900
1205,1,12,-1,-1,5,-1,"Evasion",.6,583000,36300,116600
1206,1,12,-1,-1,6,-1,"Evasion",.6,1749000,109200,349800
1207,1,12,-1,-1,1,-1,"Resilience",.3,1400,300,280
1208,1,12,-1,-1,2,-1,"Resilience",.3,36500,1200,7300
1209,1,12,-1,-1,3,-1,"Resilience",.45,89000,3900,17800
1210,1,12,-1,-1,4,-1,"Resilience",.6,219500,12000,43900
1211,1,12,-1,-1,5,-1,"Resilience",.9,583000,36300,116600
1212,1,12,-1,-1,6,-1,"Resilience",.9,1749000,109200,349800
1213,1,12,-1,-1,1,-1,"MovementAllowance",1.5,1400,300,280
1214,1,12,-1,-1,2,-1,"MovementAllowance",1.5,36500,1200,7300
1215,1,12,-1,-1,3,-1,"MovementAllowance",3,89000,3900,17800
1216,1,12,-1,-1,4,-1,"MovementAllowance",3,219500,12000,43900
1217,1,12,-1,-1,5,-1,"MovementAllowance",4.5,583000,36300,116600
1218,1,12,-1,-1,6,-1,"MovementAllowance",6,1749000,109200,349800
1219,2,0,-1,-1,1,-1,"Evasion",.15,1400,300,280
1220,2,0,-1,-1,2,-1,"Evasion",.15,36500,1200,7300
1221,2,0,-1,-1,3,-1,"Evasion",.21,89000,3900,17800
1222,2,0,-1,-1,4,-1,"Evasion",.3,219500,12000,43900
1223,2,0,-1,-1,5,-1,"Evasion",.6,583000,36300,116600
1224,2,0,-1,-1,6,-1,"Evasion",.6,1749000,109200,349800
1225,2,0,-1,-1,1,-1,"Resilience",.3,1400,300,280
1226,2,0,-1,-1,2,-1,"Resilience",.3,36500,1200,7300
1227,2,0,-1,-1,3,-1,"Resilience",.45,89000,3900,17800
1228,2,0,-1,-1,4,-1,"Resilience",.6,219500,12000,43900
1229,2,0,-1,-1,5,-1,"Resilience",.9,583000,36300,116600
1230,2,0,-1,-1,6,-1,"Resilience",.9,1749000,109200,349800
1231,2,0,-1,-1,1,-1,"MovementAllowance",1.5,1400,300,280
1232,2,0,-1,-1,2,-1,"MovementAllowance",1.5,36500,1200,7300
1233,2,0,-1,-1,3,-1,"MovementAllowance",3,89000,3900,17800
1234,2,0,-1,-1,4,-1,"MovementAllowance",3,219500,12000,43900
1235,2,0,-1,-1,5,-1,"MovementAllowance",4.5,583000,36300,116600
1236,2,0,-1,-1,6,-1,"MovementAllowance",6,1749000,109200,349800
1237,2,1,-1,-1,1,-1,"Evasion",.15,1400,300,280
1238,2,1,-1,-1,2,-1,"Evasion",.15,36500,1200,7300
1239,2,1,-1,-1,3,-1,"Evasion",.21,89000,3900,17800
1240,2,1,-1,-1,4,-1,"Evasion",.3,219500,12000,43900
1241,2,1,-1,-1,5,-1,"Evasion",.6,583000,36300,116600
1242,2,1,-1,-1,6,-1,"Evasion",.6,1749000,109200,349800
1243,2,1,-1,-1,1,-1,"Resilience",.3,1400,300,280
1244,2,1,-1,-1,2,-1,"Resilience",.3,36500,1200,7300
1245,2,1,-1,-1,3,-1,"Resilience",.45,89000,3900,17800
1246,2,1,-1,-1,4,-1,"Resilience",.6,219500,12000,43900
1247,2,1,-1,-1,5,-1,"Resilience",.9,583000,36300,116600
1248,2,1,-1,-1,6,-1,"Resilience",.9,1749000,109200,349800
1249,2,1,-1,-1,1,-1,"MovementAllowance",1.5,1400,300,280
1250,2,1,-1,-1,2,-1,"MovementAllowance",1.5,36500,1200,7300
1251,2,1,-1,-1,3,-1,"MovementAllowance",3,89000,3900,17800
1252,2,1,-1,-1,4,-1,"MovementAllowance",3,219500,12000,43900
1253,2,1,-1,-1,5,-1,"MovementAllowance",4.5,583000,36300,116600
1254,2,1,-1,-1,6,-1,"MovementAllowance",6,1749000,109200,349800
1255,2,2,-1,-1,1,-1,"Health",45,1400,300,280
1256,2,2,-1,-1,2,-1,"Health",45,36500,1200,7300
1257,2,2,-1,-1,3,-1,"Health",60,89000,3900,17800
1258,2,2,-1,-1,4,-1,"Health",90,219500,12000,43900
1259,2,2,-1,-1,5,-1,"Health",105,583000,36300,116600
1260,2,2,-1,-1,6,-1,"Health",105,1749000,109200,349800
1261,2,2,-1,-1,1,-1,"Resilience",.3,1400,300,280
1262,2,2,-1,-1,2,-1,"Resilience",.3,36500,1200,7300
1263,2,2,-1,-1,3,-1,"Resilience",.45,89000,3900,17800
1264,2,2,-1,-1,4,-1,"Resilience",.6,219500,12000,43900
1265,2,2,-1,-1,5,-1,"Resilience",.9,583000,36300,116600
1266,2,2,-1,-1,6,-1,"Resilience",.9,1749000,109200,349800
1267,2,2,-1,-1,1,-1,"MovementAllowance",1.5,1400,300,280
1268,2,2,-1,-1,2,-1,"MovementAllowance",1.5,36500,1200,7300
1269,2,2,-1,-1,3,-1,"MovementAllowance",3,89000,3900,17800
1270,2,2,-1,-1,4,-1,"MovementAllowance",3,219500,12000,43900
1271,2,2,-1,-1,5,-1,"MovementAllowance",4.5,583000,36300,116600
1272,2,2,-1,-1,6,-1,"MovementAllowance",6,1749000,109200,349800
1273,2,3,-1,-1,1,-1,"Health",45,1400,300,280
1274,2,3,-1,-1,2,-1,"Health",45,36500,1200,7300
1275,2,3,-1,-1,3,-1,"Health",60,89000,3900,17800
1276,2,3,-1,-1,4,-1,"Health",90,219500,12000,43900
1277,2,3,-1,-1,5,-1,"Health",105,583000,36300,116600
1278,2,3,-1,-1,6,-1,"Health",105,1749000,109200,349800
1279,2,3,-1,-1,1,-1,"Resilience",.3,1400,300,280
1280,2,3,-1,-1,2,-1,"Resilience",.3,36500,1200,7300
1281,2,3,-1,-1,3,-1,"Resilience",.45,89000,3900,17800
1282,2,3,-1,-1,4,-1,"Resilience",.6,219500,12000,43900
1283,2,3,-1,-1,5,-1,"Resilience",.9,583000,36300,116600
1284,2,3,-1,-1,6,-1,"Resilience",.9,1749000,109200,349800
1285,2,3,-1,-1,1,-1,"MovementAllowance",1.5,1400,300,280
1286,2,3,-1,-1,2,-1,"MovementAllowance",1.5,36500,1200,7300
1287,2,3,-1,-1,3,-1,"MovementAllowance",3,89000,3900,17800
1288,2,3,-1,-1,4,-1,"MovementAllowance",3,219500,12000,43900
1289,2,3,-1,-1,5,-1,"MovementAllowance",4.5,583000,36300,116600
1290,2,3,-1,-1,6,-1,"MovementAllowance",6,1749000,109200,349800
1291,2,4,-1,-1,1,-1,"Health",45,1400,300,280
1292,2,4,-1,-1,2,-1,"Health",45,36500,1200,7300
1293,2,4,-1,-1,3,-1,"Health",60,89000,3900,17800
1294,2,4,-1,-1,4,-1,"Health",90,219500,12000,43900
1295,2,4,-1,-1,5,-1,"Health",105,583000,36300,116600
1296,2,4,-1,-1,6,-1,"Health",105,1749000,109200,349800
1297,2,4,-1,-1,1,-1,"Resilience",.3,1400,300,280
1298,2,4,-1,-1,2,-1,"Resilience",.3,36500,1200,7300
1299,2,4,-1,-1,3,-1,"Resilience",.45,89000,3900,17800
1300,2,4,-1,-1,4,-1,"Resilience",.6,219500,12000,43900
1301,2,4,-1,-1,5,-1,"Resilience",.9,583000,36300,116600
1302,2,4,-1,-1,6,-1,"Resilience",.9,1749000,109200,349800
1303,2,4,-1,-1,1,-1,"MovementAllowance",1.5,1400,300,280
1304,2,4,-1,-1,2,-1,"MovementAllowance",1.5,36500,1200,7300
1305,2,4,-1,-1,3,-1,"MovementAllowance",3,89000,3900,17800
1306,2,4,-1,-1,4,-1,"MovementAllowance",3,219500,12000,43900
1307,2,4,-1,-1,5,-1,"MovementAllowance",4.5,583000,36300,116600
1308,2,4,-1,-1,6,-1,"MovementAllowance",6,1749000,109200,349800
1309,2,5,-1,-1,1,-1,"Evasion",.15,1400,300,280
1310,2,5,-1,-1,2,-1,"Evasion",.15,36500,1200,7300
1311,2,5,-1,-1,3,-1,"Evasion",.21,89000,3900,17800
1312,2,5,-1,-1,4,-1,"Evasion",.3,219500,12000,43900
1313,2,5,-1,-1,5,-1,"Evasion",.6,583000,36300,116600
1314,2,5,-1,-1,6,-1,"Evasion",.6,1749000,109200,349800
1315,2,5,-1,-1,1,-1,"Resilience",.3,1400,300,280
1316,2,5,-1,-1,2,-1,"Resilience",.3,36500,1200,7300
1317,2,5,-1,-1,3,-1,"Resilience",.45,89000,3900,17800
1318,2,5,-1,-1,4,-1,"Resilience",.6,219500,12000,43900
1319,2,5,-1,-1,5,-1,"Resilience",.9,583000,36300,116600
1320,2,5,-1,-1,6,-1,"Resilience",.9,1749000,109200,349800
1321,2,5,-1,-1,1,-1,"MovementAllowance",1.5,1400,300,280
1322,2,5,-1,-1,2,-1,"MovementAllowance",1.5,36500,1200,7300
1323,2,5,-1,-1,3,-1,"MovementAllowance",3,89000,3900,17800
1324,2,5,-1,-1,4,-1,"MovementAllowance",3,219500,12000,43900
1325,2,5,-1,-1,5,-1,"MovementAllowance",4.5,583000,36300,116600
1326,2,5,-1,-1,6,-1,"MovementAllowance",6,1749000,109200,349800
1327,2,6,-1,-1,1,-1,"Evasion",.15,1400,300,280
1328,2,6,-1,-1,2,-1,"Evasion",.15,36500,1200,7300
1329,2,6,-1,-1,3,-1,"Evasion",.21,89000,3900,17800
1330,2,6,-1,-1,4,-1,"Evasion",.3,219500,12000,43900
1331,2,6,-1,-1,5,-1,"Evasion",.6,583000,36300,116600
1332,2,6,-1,-1,6,-1,"Evasion",.6,1749000,109200,349800
1333,2,6,-1,-1,1,-1,"Resilience",.3,1400,300,280
1334,2,6,-1,-1,2,-1,"Resilience",.3,36500,1200,7300
1335,2,6,-1,-1,3,-1,"Resilience",.45,89000,3900,17800
1336,2,6,-1,-1,4,-1,"Resilience",.6,219500,12000,43900
1337,2,6,-1,-1,5,-1,"Resilience",.9,583000,36300,116600
1338,2,6,-1,-1,6,-1,"Resilience",.9,1749000,109200,349800
1339,2,6,-1,-1,1,-1,"MovementAllowance",1.5,1400,300,280
1340,2,6,-1,-1,2,-1,"MovementAllowance",1.5,36500,1200,7300
1341,2,6,-1,-1,3,-1,"MovementAllowance",3,89000,3900,17800
1342,2,6,-1,-1,4,-1,"MovementAllowance",3,219500,12000,43900
1343,2,6,-1,-1,5,-1,"MovementAllowance",4.5,583000,36300,116600
1344,2,6,-1,-1,6,-1,"MovementAllowance",6,1749000,109200,349800
1345,2,7,-1,-1,1,-1,"Health",45,1400,300,280
1346,2,7,-1,-1,2,-1,"Health",45,36500,1200,7300
1347,2,7,-1,-1,3,-1,"Health",60,89000,3900,17800
1348,2,7,-1,-1,4,-1,"Health",90,219500,12000,43900
1349,2,7,-1,-1,5,-1,"Health",105,583000,36300,116600
1350,2,7,-1,-1,6,-1,"Health",105,1749000,109200,349800
1351,2,7,-1,-1,1,-1,"Resilience",.3,1400,300,280
1352,2,7,-1,-1,2,-1,"Resilience",.3,36500,1200,7300
1353,2,7,-1,-1,3,-1,"Resilience",.45,89000,3900,17800
1354,2,7,-1,-1,4,-1,"Resilience",.6,219500,12000,43900
1355,2,7,-1,-1,5,-1,"Resilience",.9,583000,36300,116600
1356,2,7,-1,-1,6,-1,"Resilience",.9,1749000,109200,349800
1357,2,7,-1,-1,1,-1,"MovementAllowance",1.5,1400,300,280
1358,2,7,-1,-1,2,-1,"MovementAllowance",1.5,36500,1200,7300
1359,2,7,-1,-1,3,-1,"MovementAllowance",3,89000,3900,17800
1360,2,7,-1,-1,4,-1,"MovementAllowance",3,219500,12000,43900
1361,2,7,-1,-1,5,-1,"MovementAllowance",4.5,583000,36300,116600
1362,2,7,-1,-1,6,-1,"MovementAllowance",6,1749000,109200,349800
1363,2,8,-1,-1,1,-1,"Evasion",.15,1400,300,280
1364,2,8,-1,-1,2,-1,"Evasion",.15,36500,1200,7300
1365,2,8,-1,-1,3,-1,"Evasion",.21,89000,3900,17800
1366,2,8,-1,-1,4,-1,"Evasion",.3,219500,12000,43900
1367,2,8,-1,-1,5,-1,"Evasion",.6,583000,36300,116600
1368,2,8,-1,-1,6,-1,"Evasion",.6,1749000,109200,349800
1369,2,8,-1,-1,1,-1,"Resilience",.3,1400,300,280
1370,2,8,-1,-1,2,-1,"Resilience",.3,36500,1200,7300
1371,2,8,-1,-1,3,-1,"Resilience",.45,89000,3900,17800
1372,2,8,-1,-1,4,-1,"Resilience",.6,219500,12000,43900
1373,2,8,-1,-1,5,-1,"Resilience",.9,583000,36300,116600
1374,2,8,-1,-1,6,-1,"Resilience",.9,1749000,109200,349800
1375,2,8,-1,-1,1,-1,"MovementAllowance",1.5,1400,300,280
1376,2,8,-1,-1,2,-1,"MovementAllowance",1.5,36500,1200,7300
1377,2,8,-1,-1,3,-1,"MovementAllowance",3,89000,3900,17800
1378,2,8,-1,-1,4,-1,"MovementAllowance",3,219500,12000,43900
1379,2,8,-1,-1,5,-1,"MovementAllowance",4.5,583000,36300,116600
1380,2,8,-1,-1,6,-1,"MovementAllowance",6,1749000,109200,349800
1381,2,9,-1,-1,1,-1,"Health",45,1400,300,280
1382,2,9,-1,-1,2,-1,"Health",45,36500,1200,7300
1383,2,9,-1,-1,3,-1,"Health",60,89000,3900,17800
1384,2,9,-1,-1,4,-1,"Health",90,219500,12000,43900
1385,2,9,-1,-1,5,-1,"Health",105,583000,36300,116600
1386,2,9,-1,-1,6,-1,"Health",105,1749000,109200,349800
1387,2,9,-1,-1,1,-1,"Resilience",.3,1400,300,280
1388,2,9,-1,-1,2,-1,"Resilience",.3,36500,1200,7300
1389,2,9,-1,-1,3,-1,"Resilience",.45,89000,3900,17800
1390,2,9,-1,-1,4,-1,"Resilience",.6,219500,12000,43900
1391,2,9,-1,-1,5,-1,"Resilience",.9,583000,36300,116600
1392,2,9,-1,-1,6,-1,"Resilience",.9,1749000,109200,349800
1393,2,9,-1,-1,1,-1,"MovementAllowance",1.5,1400,300,280
1394,2,9,-1,-1,2,-1,"MovementAllowance",1.5,36500,1200,7300
1395,2,9,-1,-1,3,-1,"MovementAllowance",3,89000,3900,17800
1396,2,9,-1,-1,4,-1,"MovementAllowance",3,219500,12000,43900
1397,2,9,-1,-1,5,-1,"MovementAllowance",4.5,583000,36300,116600
1398,2,9,-1,-1,6,-1,"MovementAllowance",6,1749000,109200,349800
1399,2,10,-1,-1,1,-1,"Evasion",.15,1400,300,280
1400,2,10,-1,-1,2,-1,"Evasion",.15,36500,1200,7300
1401,2,10,-1,-1,3,-1,"Evasion",.21,89000,3900,17800
1402,2,10,-1,-1,4,-1,"Evasion",.3,219500,12000,43900
1403,2,10,-1,-1,5,-1,"Evasion",.6,583000,36300,116600
1404,2,10,-1,-1,6,-1,"Evasion",.6,1749000,109200,349800
1405,2,10,-1,-1,1,-1,"Resilience",.3,1400,300,280
1406,2,10,-1,-1,2,-1,"Resilience",.3,36500,1200,7300
1407,2,10,-1,-1,3,-1,"Resilience",.45,89000,3900,17800
1408,2,10,-1,-1,4,-1,"Resilience",.6,219500,12000,43900
1409,2,10,-1,-1,5,-1,"Resilience",.9,583000,36300,116600
1410,2,10,-1,-1,6,-1,"Resilience",.9,1749000,109200,349800
1411,2,10,-1,-1,1,-1,"MovementAllowance",1.5,1400,300,280
1412,2,10,-1,-1,2,-1,"MovementAllowance",1.5,36500,1200,7300
1413,2,10,-1,-1,3,-1,"MovementAllowance",3,89000,3900,17800
1414,2,10,-1,-1,4,-1,"MovementAllowance",3,219500,12000,43900
1415,2,10,-1,-1,5,-1,"MovementAllowance",4.5,583000,36300,116600
1416,2,10,-1,-1,6,-1,"MovementAllowance",6,1749000,109200,349800
1417,2,11,-1,-1,1,-1,"Health",45,1400,300,280
1418,2,11,-1,-1,2,-1,"Health",45,36500,1200,7300
1419,2,11,-1,-1,3,-1,"Health",60,89000,3900,17800
1420,2,11,-1,-1,4,-1,"Health",90,219500,12000,43900
1421,2,11,-1,-1,5,-1,"Health",105,583000,36300,116600
1422,2,11,-1,-1,6,-1,"Health",105,1749000,109200,349800
1423,2,11,-1,-1,1,-1,"Resilience",.3,1400,300,280
1424,2,11,-1,-1,2,-1,"Resilience",.3,36500,1200,7300
1425,2,11,-1,-1,3,-1,"Resilience",.45,89000,3900,17800
1426,2,11,-1,-1,4,-1,"Resilience",.6,219500,12000,43900
1427,2,11,-1,-1,5,-1,"Resilience",.9,583000,36300,116600
1428,2,11,-1,-1,6,-1,"Resilience",.9,1749000,109200,349800
1429,2,11,-1,-1,1,-1,"MovementAllowance",1.5,1400,300,280
1430,2,11,-1,-1,2,-1,"MovementAllowance",1.5,36500,1200,7300
1431,2,11,-1,-1,3,-1,"MovementAllowance",3,89000,3900,17800
1432,2,11,-1,-1,4,-1,"MovementAllowance",3,219500,12000,43900
1433,2,11,-1,-1,5,-1,"MovementAllowance",4.5,583000,36300,116600
1434,2,11,-1,-1,6,-1,"MovementAllowance",6,1749000,109200,349800
1435,2,12,-1,-1,1,-1,"Evasion",.15,1400,300,280
1436,2,12,-1,-1,2,-1,"Evasion",.15,36500,1200,7300
1437,2,12,-1,-1,3,-1,"Evasion",.21,89000,3900,17800
1438,2,12,-1,-1,4,-1,"Evasion",.3,219500,12000,43900
1439,2,12,-1,-1,5,-1,"Evasion",.6,583000,36300,116600
1440,2,12,-1,-1,6,-1,"Evasion",.6,1749000,109200,349800
1441,2,12,-1,-1,1,-1,"Resilience",.3,1400,300,280
1442,2,12,-1,-1,2,-1,"Resilience",.3,36500,1200,7300
1443,2,12,-1,-1,3,-1,"Resilience",.45,89000,3900,17800
1444,2,12,-1,-1,4,-1,"Resilience",.6,219500,12000,43900
1445,2,12,-1,-1,5,-1,"Resilience",.9,583000,36300,116600
1446,2,12,-1,-1,6,-1,"Resilience",.9,1749000,109200,349800
1447,2,12,-1,-1,1,-1,"MovementAllowance",1.5,1400,300,280
1448,2,12,-1,-1,2,-1,"MovementAllowance",1.5,36500,1200,7300
1449,2,12,-1,-1,3,-1,"MovementAllowance",3,89000,3900,17800
1450,2,12,-1,-1,4,-1,"MovementAllowance",3,219500,12000,43900
1451,2,12,-1,-1,5,-1,"MovementAllowance",4.5,583000,36300,116600
1452,2,12,-1,-1,6,-1,"MovementAllowance",6,1749000,109200,349800
1453,-1,-1,0,0,1,0,"WeaponDamage",45,500,100,100
1454,-1,-1,0,0,2,0,"WeaponDamage",45,12500,400,2500
1455,-1,-1,0,0,3,0,"WeaponDamage",90,30000,1300,6000
1456,-1,-1,0,0,4,0,"WeaponDamage",120,73500,4000,14700
1457,-1,-1,0,0,5,0,"WeaponDamage",180,194500,12100,38900
1458,-1,-1,0,0,6,0,"WeaponDamage",180,583500,36400,116700
1459,-1,-1,0,0,1,0,"WeaponAccuracy",.15,500,100,100
1460,-1,-1,0,0,2,0,"WeaponAccuracy",.15,12500,400,2500
1461,-1,-1,0,0,3,0,"WeaponAccuracy",.21,30000,1300,6000
1462,-1,-1,0,0,4,0,"WeaponAccuracy",.3,73500,4000,14700
1463,-1,-1,0,0,5,0,"WeaponAccuracy",.45,194500,12100,38900
1464,-1,-1,0,0,6,0,"WeaponAccuracy",.45,583500,36400,116700
1465,-1,-1,0,0,1,0,"WeaponCritChance",15,500,100,100
1466,-1,-1,0,0,2,0,"WeaponCritChance",15,12500,400,2500
1467,-1,-1,0,0,3,0,"WeaponCritChance",21,30000,1300,6000
1468,-1,-1,0,0,4,0,"WeaponCritChance",30,73500,4000,14700
1469,-1,-1,0,0,5,0,"WeaponCritChance",30,194500,12100,38900
1470,-1,-1,0,0,6,0,"WeaponCritChance",30,583500,36400,116700
1471,-1,-1,0,0,1,0,"WeaponCritDamageMultiplier",1.2,500,100,100
1472,-1,-1,0,0,2,0,"WeaponCritDamageMultiplier",1.575,12500,400,2500
1473,-1,-1,0,0,3,0,"WeaponCritDamageMultiplier",1.725,30000,1300,6000
1474,-1,-1,0,0,4,0,"WeaponCritDamageMultiplier",3,73500,4000,14700
1475,-1,-1,0,0,5,0,"WeaponCritDamageMultiplier",3,194500,12100,38900
1476,-1,-1,0,0,6,0,"WeaponCritDamageMultiplier",3,583500,36400,116700
1477,-1,-1,0,0,1,0,"WeaponMagazineSize",3,500,100,100
1478,-1,-1,0,0,2,0,"WeaponMagazineSize",3,12500,400,2500
1479,-1,-1,0,0,3,0,"WeaponMagazineSize",3,30000,1300,6000
1480,-1,-1,0,0,4,0,"WeaponMagazineSize",3,73500,4000,14700
1481,-1,-1,0,0,5,0,"WeaponMagazineSize",6,194500,12100,38900
1482,-1,-1,0,0,6,0,"WeaponMagazineSize",6,583500,36400,116700
1483,-1,-1,0,0,1,1,"WeaponDamage",45,500,100,100
1484,-1,-1,0,0,2,1,"WeaponDamage",45,12500,400,2500
1485,-1,-1,0,0,3,1,"WeaponDamage",90,30000,1300,6000
1486,-1,-1,0,0,4,1,"WeaponDamage",120,73500,4000,14700
1487,-1,-1,0,0,5,1,"WeaponDamage",180,194500,12100,38900
1488,-1,-1,0,0,6,1,"WeaponDamage",180,583500,36400,116700
1489,-1,-1,0,0,1,1,"WeaponAccuracy",.15,500,100,100
1490,-1,-1,0,0,2,1,"WeaponAccuracy",.15,12500,400,2500
1491,-1,-1,0,0,3,1,"WeaponAccuracy",.21,30000,1300,6000
1492,-1,-1,0,0,4,1,"WeaponAccuracy",.3,73500,4000,14700
1493,-1,-1,0,0,5,1,"WeaponAccuracy",.45,194500,12100,38900
1494,-1,-1,0,0,6,1,"WeaponAccuracy",.45,583500,36400,116700
1495,-1,-1,0,0,1,1,"WeaponCritDamageMultiplier",1.2,500,100,100
1496,-1,-1,0,0,2,1,"WeaponCritDamageMultiplier",1.575,12500,400,2500
1497,-1,-1,0,0,3,1,"WeaponCritDamageMultiplier",1.725,30000,1300,6000
1498,-1,-1,0,0,4,1,"WeaponCritDamageMultiplier",3,73500,4000,14700
1499,-1,-1,0,0,5,1,"WeaponCritDamageMultiplier",3,194500,12100,38900
1500,-1,-1,0,0,6,1,"WeaponCritDamageMultiplier",3,583500,36400,116700
1501,-1,-1,0,0,1,1,"WeaponMagazineSize",3,500,100,100
1502,-1,-1,0,0,2,1,"WeaponMagazineSize",3,12500,400,2500
1503,-1,-1,0,0,3,1,"WeaponMagazineSize",3,30000,1300,6000
1504,-1,-1,0,0,4,1,"WeaponMagazineSize",3,73500,4000,14700
1505,-1,-1,0,0,5,1,"WeaponMagazineSize",6,194500,12100,38900
1506,-1,-1,0,0,6,1,"WeaponMagazineSize",6,583500,36400,116700
1507,-1,-1,0,0,1,1,"MovementAllowance",1.5,500,100,100
1508,-1,-1,0,0,2,1,"MovementAllowance",1.5,12500,400,2500
1509,-1,-1,0,0,3,1,"MovementAllowance",3,30000,1300,6000
1510,-1,-1,0,0,4,1,"MovementAllowance",3,73500,4000,14700
1511,-1,-1,0,0,5,1,"MovementAllowance",4.5,194500,12100,38900
1512,-1,-1,0,0,6,1,"MovementAllowance",6,583500,36400,116700
1513,-1,-1,0,0,1,2,"WeaponDamage",45,500,100,100
1514,-1,-1,0,0,2,2,"WeaponDamage",45,12500,400,2500
1515,-1,-1,0,0,3,2,"WeaponDamage",90,30000,1300,6000
1516,-1,-1,0,0,4,2,"WeaponDamage",120,73500,4000,14700
1517,-1,-1,0,0,5,2,"WeaponDamage",180,194500,12100,38900
1518,-1,-1,0,0,6,2,"WeaponDamage",180,583500,36400,116700
1519,-1,-1,0,0,1,2,"WeaponAccuracy",.15,500,100,100
1520,-1,-1,0,0,2,2,"WeaponAccuracy",.15,12500,400,2500
1521,-1,-1,0,0,3,2,"WeaponAccuracy",.21,30000,1300,6000
1522,-1,-1,0,0,4,2,"WeaponAccuracy",.3,73500,4000,14700
1523,-1,-1,0,0,5,2,"WeaponAccuracy",.45,194500,12100,38900
1524,-1,-1,0,0,6,2,"WeaponAccuracy",.45,583500,36400,116700
1525,-1,-1,0,0,1,2,"WeaponMagazineSize",3,500,100,100
1526,-1,-1,0,0,2,2,"WeaponMagazineSize",3,12500,400,2500
1527,-1,-1,0,0,3,2,"WeaponMagazineSize",3,30000,1300,6000
1528,-1,-1,0,0,4,2,"WeaponMagazineSize",3,73500,4000,14700
1529,-1,-1,0,0,5,2,"WeaponMagazineSize",6,194500,12100,38900
1530,-1,-1,0,0,6,2,"WeaponMagazineSize",6,583500,36400,116700
1531,-1,-1,0,0,1,2,"MovementAllowance",1.5,500,100,100
1532,-1,-1,0,0,2,2,"MovementAllowance",1.5,12500,400,2500
1533,-1,-1,0,0,3,2,"MovementAllowance",3,30000,1300,6000
1534,-1,-1,0,0,4,2,"MovementAllowance",3,73500,4000,14700
1535,-1,-1,0,0,5,2,"MovementAllowance",4.5,194500,12100,38900
1536,-1,-1,0,0,6,2,"MovementAllowance",6,583500,36400,116700
1537,-1,-1,0,1,1,0,"WeaponDamage",45,500,100,100
1538,-1,-1,0,1,2,0,"WeaponDamage",45,12500,400,2500
1539,-1,-1,0,1,3,0,"WeaponDamage",90,30000,1300,6000
1540,-1,-1,0,1,4,0,"WeaponDamage",120,73500,4000,14700
1541,-1,-1,0,1,5,0,"WeaponDamage",180,194500,12100,38900
1542,-1,-1,0,1,6,0,"WeaponDamage",180,583500,36400,116700
1543,-1,-1,0,1,1,0,"WeaponCritChance",15,500,100,100
1544,-1,-1,0,1,2,0,"WeaponCritChance",15,12500,400,2500
1545,-1,-1,0,1,3,0,"WeaponCritChance",21,30000,1300,6000
1546,-1,-1,0,1,4,0,"WeaponCritChance",30,73500,4000,14700
1547,-1,-1,0,1,5,0,"WeaponCritChance",30,194500,12100,38900
1548,-1,-1,0,1,6,0,"WeaponCritChance",30,583500,36400,116700
1549,-1,-1,0,1,1,0,"WeaponCritDamageMultiplier",1.2,500,100,100
1550,-1,-1,0,1,2,0,"WeaponCritDamageMultiplier",1.575,12500,400,2500
1551,-1,-1,0,1,3,0,"WeaponCritDamageMultiplier",1.725,30000,1300,6000
1552,-1,-1,0,1,4,0,"WeaponCritDamageMultiplier",3,73500,4000,14700
1553,-1,-1,0,1,5,0,"WeaponCritDamageMultiplier",3,194500,12100,38900
1554,-1,-1,0,1,6,0,"WeaponCritDamageMultiplier",3,583500,36400,116700
1555,-1,-1,0,1,1,0,"WeaponMagazineSize",3,500,100,100
1556,-1,-1,0,1,2,0,"WeaponMagazineSize",3,12500,400,2500
1557,-1,-1,0,1,3,0,"WeaponMagazineSize",3,30000,1300,6000
1558,-1,-1,0,1,4,0,"WeaponMagazineSize",3,73500,4000,14700
1559,-1,-1,0,1,5,0,"WeaponMagazineSize",6,194500,12100,38900
1560,-1,-1,0,1,6,0,"WeaponMagazineSize",6,583500,36400,116700
1561,-1,-1,0,1,1,0,"MovementAllowance",1.5,500,100,100
1562,-1,-1,0,1,2,0,"MovementAllowance",1.5,12500,400,2500
1563,-1,-1,0,1,3,0,"MovementAllowance",3,30000,1300,6000
1564,-1,-1,0,1,4,0,"MovementAllowance",3,73500,4000,14700
1565,-1,-1,0,1,5,0,"MovementAllowance",4.5,194500,12100,38900
1566,-1,-1,0,1,6,0,"MovementAllowance",6,583500,36400,116700
1567,-1,-1,0,1,1,1,"WeaponDamage",45,500,100,100
1568,-1,-1,0,1,2,1,"WeaponDamage",45,12500,400,2500
1569,-1,-1,0,1,3,1,"WeaponDamage",90,30000,1300,6000
1570,-1,-1,0,1,4,1,"WeaponDamage",120,73500,4000,14700
1571,-1,-1,0,1,5,1,"WeaponDamage",180,194500,12100,38900
1572,-1,-1,0,1,6,1,"WeaponDamage",180,583500,36400,116700
1573,-1,-1,0,1,1,1,"WeaponCritChance",15,500,100,100
1574,-1,-1,0,1,2,1,"WeaponCritChance",15,12500,400,2500
1575,-1,-1,0,1,3,1,"WeaponCritChance",21,30000,1300,6000
1576,-1,-1,0,1,4,1,"WeaponCritChance",30,73500,4000,14700
1577,-1,-1,0,1,5,1,"WeaponCritChance",30,194500,12100,38900
1578,-1,-1,0,1,6,1,"WeaponCritChance",30,583500,36400,116700
1579,-1,-1,0,1,1,1,"WeaponCritDamageMultiplier",1.2,500,100,100
1580,-1,-1,0,1,2,1,"WeaponCritDamageMultiplier",1.575,12500,400,2500
1581,-1,-1,0,1,3,1,"WeaponCritDamageMultiplier",1.725,30000,1300,6000
1582,-1,-1,0,1,4,1,"WeaponCritDamageMultiplier",3,73500,4000,14700
1583,-1,-1,0,1,5,1,"WeaponCritDamageMultiplier",3,194500,12100,38900
1584,-1,-1,0,1,6,1,"WeaponCritDamageMultiplier",3,583500,36400,116700
1585,-1,-1,0,1,1,1,"WeaponMagazineSize",3,500,100,100
1586,-1,-1,0,1,2,1,"WeaponMagazineSize",3,12500,400,2500
1587,-1,-1,0,1,3,1,"WeaponMagazineSize",3,30000,1300,6000
1588,-1,-1,0,1,4,1,"WeaponMagazineSize",3,73500,4000,14700
1589,-1,-1,0,1,5,1,"WeaponMagazineSize",6,194500,12100,38900
1590,-1,-1,0,1,6,1,"WeaponMagazineSize",6,583500,36400,116700
1591,-1,-1,0,1,1,1,"MovementAllowance",1.5,500,100,100
1592,-1,-1,0,1,2,1,"MovementAllowance",1.5,12500,400,2500
1593,-1,-1,0,1,3,1,"MovementAllowance",3,30000,1300,6000
1594,-1,-1,0,1,4,1,"MovementAllowance",3,73500,4000,14700
1595,-1,-1,0,1,5,1,"MovementAllowance",4.5,194500,12100,38900
1596,-1,-1,0,1,6,1,"MovementAllowance",6,583500,36400,116700
1597,-1,-1,0,1,1,2,"WeaponDamage",45,500,100,100
1598,-1,-1,0,1,2,2,"WeaponDamage",45,12500,400,2500
1599,-1,-1,0,1,3,2,"WeaponDamage",90,30000,1300,6000
1600,-1,-1,0,1,4,2,"WeaponDamage",120,73500,4000,14700
1601,-1,-1,0,1,5,2,"WeaponDamage",180,194500,12100,38900
1602,-1,-1,0,1,6,2,"WeaponDamage",180,583500,36400,116700
1603,-1,-1,0,1,1,2,"WeaponCritChance",15,500,100,100
1604,-1,-1,0,1,2,2,"WeaponCritChance",15,12500,400,2500
1605,-1,-1,0,1,3,2,"WeaponCritChance",21,30000,1300,6000
1606,-1,-1,0,1,4,2,"WeaponCritChance",30,73500,4000,14700
1607,-1,-1,0,1,5,2,"WeaponCritChance",30,194500,12100,38900
1608,-1,-1,0,1,6,2,"WeaponCritChance",30,583500,36400,116700
1609,-1,-1,0,1,1,2,"WeaponCritDamageMultiplier",1.2,500,100,100
1610,-1,-1,0,1,2,2,"WeaponCritDamageMultiplier",1.575,12500,400,2500
1611,-1,-1,0,1,3,2,"WeaponCritDamageMultiplier",1.725,30000,1300,6000
1612,-1,-1,0,1,4,2,"WeaponCritDamageMultiplier",3,73500,4000,14700
1613,-1,-1,0,1,5,2,"WeaponCritDamageMultiplier",3,194500,12100,38900
1614,-1,-1,0,1,6,2,"WeaponCritDamageMultiplier",3,583500,36400,116700
1615,-1,-1,0,1,1,2,"WeaponMagazineSize",3,500,100,100
1616,-1,-1,0,1,2,2,"WeaponMagazineSize",3,12500,400,2500
1617,-1,-1,0,1,3,2,"WeaponMagazineSize",3,30000,1300,6000
1618,-1,-1,0,1,4,2,"WeaponMagazineSize",3,73500,4000,14700
1619,-1,-1,0,1,5,2,"WeaponMagazineSize",6,194500,12100,38900
1620,-1,-1,0,1,6,2,"WeaponMagazineSize",6,583500,36400,116700
1621,-1,-1,0,1,1,2,"MovementAllowance",1.5,500,100,100
1622,-1,-1,0,1,2,2,"MovementAllowance",1.5,12500,400,2500
1623,-1,-1,0,1,3,2,"MovementAllowance",3,30000,1300,6000
1624,-1,-1,0,1,4,2,"MovementAllowance",3,73500,4000,14700
1625,-1,-1,0,1,5,2,"MovementAllowance",4.5,194500,12100,38900
1626,-1,-1,0,1,6,2,"MovementAllowance",6,583500,36400,116700
1627,-1,-1,0,2,1,0,"WeaponAccuracy",.15,500,100,100
1628,-1,-1,0,2,2,0,"WeaponAccuracy",.15,12500,400,2500
1629,-1,-1,0,2,3,0,"WeaponAccuracy",.21,30000,1300,6000
1630,-1,-1,0,2,4,0,"WeaponAccuracy",.3,73500,4000,14700
1631,-1,-1,0,2,5,0,"WeaponAccuracy",.45,194500,12100,38900
1632,-1,-1,0,2,6,0,"WeaponAccuracy",.45,583500,36400,116700
1633,-1,-1,0,2,1,0,"WeaponCritChance",15,500,100,100
1634,-1,-1,0,2,2,0,"WeaponCritChance",15,12500,400,2500
1635,-1,-1,0,2,3,0,"WeaponCritChance",21,30000,1300,6000
1636,-1,-1,0,2,4,0,"WeaponCritChance",30,73500,4000,14700
1637,-1,-1,0,2,5,0,"WeaponCritChance",30,194500,12100,38900
1638,-1,-1,0,2,6,0,"WeaponCritChance",30,583500,36400,116700
1639,-1,-1,0,2,1,0,"WeaponCritDamageMultiplier",1.2,500,100,100
1640,-1,-1,0,2,2,0,"WeaponCritDamageMultiplier",1.575,12500,400,2500
1641,-1,-1,0,2,3,0,"WeaponCritDamageMultiplier",1.725,30000,1300,6000
1642,-1,-1,0,2,4,0,"WeaponCritDamageMultiplier",3,73500,4000,14700
1643,-1,-1,0,2,5,0,"WeaponCritDamageMultiplier",3,194500,12100,38900
1644,-1,-1,0,2,6,0,"WeaponCritDamageMultiplier",3,583500,36400,116700
1645,-1,-1,0,2,1,0,"WeaponMagazineSize",3,500,100,100
1646,-1,-1,0,2,2,0,"WeaponMagazineSize",3,12500,400,2500
1647,-1,-1,0,2,3,0,"WeaponMagazineSize",3,30000,1300,6000
1648,-1,-1,0,2,4,0,"WeaponMagazineSize",3,73500,4000,14700
1649,-1,-1,0,2,5,0,"WeaponMagazineSize",6,194500,12100,38900
1650,-1,-1,0,2,6,0,"WeaponMagazineSize",6,583500,36400,116700
1651,-1,-1,0,2,1,0,"MovementAllowance",1.5,500,100,100
1652,-1,-1,0,2,2,0,"MovementAllowance",1.5,12500,400,2500
1653,-1,-1,0,2,3,0,"MovementAllowance",3,30000,1300,6000
1654,-1,-1,0,2,4,0,"MovementAllowance",3,73500,4000,14700
1655,-1,-1,0,2,5,0,"MovementAllowance",4.5,194500,12100,38900
1656,-1,-1,0,2,6,0,"MovementAllowance",6,583500,36400,116700
1657,-1,-1,0,2,1,1,"WeaponAccuracy",.15,500,100,100
1658,-1,-1,0,2,2,1,"WeaponAccuracy",.15,12500,400,2500
1659,-1,-1,0,2,3,1,"WeaponAccuracy",.21,30000,1300,6000
1660,-1,-1,0,2,4,1,"WeaponAccuracy",.3,73500,4000,14700
1661,-1,-1,0,2,5,1,"WeaponAccuracy",.45,194500,12100,38900
1662,-1,-1,0,2,6,1,"WeaponAccuracy",.45,583500,36400,116700
1663,-1,-1,0,2,1,1,"WeaponCritChance",15,500,100,100
1664,-1,-1,0,2,2,1,"WeaponCritChance",15,12500,400,2500
1665,-1,-1,0,2,3,1,"WeaponCritChance",21,30000,1300,6000
1666,-1,-1,0,2,4,1,"WeaponCritChance",30,73500,4000,14700
1667,-1,-1,0,2,5,1,"WeaponCritChance",30,194500,12100,38900
1668,-1,-1,0,2,6,1,"WeaponCritChance",30,583500,36400,116700
1669,-1,-1,0,2,1,1,"WeaponCritDamageMultiplier",1.2,500,100,100
1670,-1,-1,0,2,2,1,"WeaponCritDamageMultiplier",1.575,12500,400,2500
1671,-1,-1,0,2,3,1,"WeaponCritDamageMultiplier",1.725,30000,1300,6000
1672,-1,-1,0,2,4,1,"WeaponCritDamageMultiplier",3,73500,4000,14700
1673,-1,-1,0,2,5,1,"WeaponCritDamageMultiplier",3,194500,12100,38900
1674,-1,-1,0,2,6,1,"WeaponCritDamageMultiplier",3,583500,36400,116700
1675,-1,-1,0,2,1,1,"WeaponMagazineSize",3,500,100,100
1676,-1,-1,0,2,2,1,"WeaponMagazineSize",3,12500,400,2500
1677,-1,-1,0,2,3,1,"WeaponMagazineSize",3,30000,1300,6000
1678,-1,-1,0,2,4,1,"WeaponMagazineSize",3,73500,4000,14700
1679,-1,-1,0,2,5,1,"WeaponMagazineSize",6,194500,12100,38900
1680,-1,-1,0,2,6,1,"WeaponMagazineSize",6,583500,36400,116700
1681,-1,-1,0,2,1,1,"MovementAllowance",1.5,500,100,100
1682,-1,-1,0,2,2,1,"MovementAllowance",1.5,12500,400,2500
1683,-1,-1,0,2,3,1,"MovementAllowance",3,30000,1300,6000
1684,-1,-1,0,2,4,1,"MovementAllowance",3,73500,4000,14700
1685,-1,-1,0,2,5,1,"MovementAllowance",4.5,194500,12100,38900
1686,-1,-1,0,2,6,1,"MovementAllowance",6,583500,36400,116700
1687,-1,-1,0,2,1,2,"WeaponAccuracy",.15,500,100,100
1688,-1,-1,0,2,2,2,"WeaponAccuracy",.15,12500,400,2500
1689,-1,-1,0,2,3,2,"WeaponAccuracy",.21,30000,1300,6000
1690,-1,-1,0,2,4,2,"WeaponAccuracy",.3,73500,4000,14700
1691,-1,-1,0,2,5,2,"WeaponAccuracy",.45,194500,12100,38900
1692,-1,-1,0,2,6,2,"WeaponAccuracy",.45,583500,36400,116700
1693,-1,-1,0,2,1,2,"WeaponCritChance",15,500,100,100
1694,-1,-1,0,2,2,2,"WeaponCritChance",15,12500,400,2500
1695,-1,-1,0,2,3,2,"WeaponCritChance",21,30000,1300,6000
1696,-1,-1,0,2,4,2,"WeaponCritChance",30,73500,4000,14700
1697,-1,-1,0,2,5,2,"WeaponCritChance",30,194500,12100,38900
1698,-1,-1,0,2,6,2,"WeaponCritChance",30,583500,36400,116700
1699,-1,-1,0,2,1,2,"WeaponCritDamageMultiplier",1.2,500,100,100
1700,-1,-1,0,2,2,2,"WeaponCritDamageMultiplier",1.575,12500,400,2500
1701,-1,-1,0,2,3,2,"WeaponCritDamageMultiplier",1.725,30000,1300,6000
1702,-1,-1,0,2,4,2,"WeaponCritDamageMultiplier",3,73500,4000,14700
1703,-1,-1,0,2,5,2,"WeaponCritDamageMultiplier",3,194500,12100,38900
1704,-1,-1,0,2,6,2,"WeaponCritDamageMultiplier",3,583500,36400,116700
1705,-1,-1,0,2,1,2,"WeaponMagazineSize",3,500,100,100
1706,-1,-1,0,2,2,2,"WeaponMagazineSize",3,12500,400,2500
1707,-1,-1,0,2,3,2,"WeaponMagazineSize",3,30000,1300,6000
1708,-1,-1,0,2,4,2,"WeaponMagazineSize",3,73500,4000,14700
1709,-1,-1,0,2,5,2,"WeaponMagazineSize",6,194500,12100,38900
1710,-1,-1,0,2,6,2,"WeaponMagazineSize",6,583500,36400,116700
1711,-1,-1,0,2,1,2,"MovementAllowance",1.5,500,100,100
1712,-1,-1,0,2,2,2,"MovementAllowance",1.5,12500,400,2500
1713,-1,-1,0,2,3,2,"MovementAllowance",3,30000,1300,6000
1714,-1,-1,0,2,4,2,"MovementAllowance",3,73500,4000,14700
1715,-1,-1,0,2,5,2,"MovementAllowance",4.5,194500,12100,38900
1716,-1,-1,0,2,6,2,"MovementAllowance",6,583500,36400,116700
1717,-1,-1,0,3,1,0,"WeaponDamage",45,500,100,100
1718,-1,-1,0,3,2,0,"WeaponDamage",45,12500,400,2500
1719,-1,-1,0,3,3,0,"WeaponDamage",90,30000,1300,6000
1720,-1,-1,0,3,4,0,"WeaponDamage",120,73500,4000,14700
1721,-1,-1,0,3,5,0,"WeaponDamage",180,194500,12100,38900
1722,-1,-1,0,3,6,0,"WeaponDamage",180,583500,36400,116700
1723,-1,-1,0,3,1,0,"WeaponAccuracy",.15,500,100,100
1724,-1,-1,0,3,2,0,"WeaponAccuracy",.15,12500,400,2500
1725,-1,-1,0,3,3,0,"WeaponAccuracy",.21,30000,1300,6000
1726,-1,-1,0,3,4,0,"WeaponAccuracy",.3,73500,4000,14700
1727,-1,-1,0,3,5,0,"WeaponAccuracy",.45,194500,12100,38900
1728,-1,-1,0,3,6,0,"WeaponAccuracy",.45,583500,36400,116700
1729,-1,-1,0,3,1,0,"WeaponCritChance",15,500,100,100
1730,-1,-1,0,3,2,0,"WeaponCritChance",15,12500,400,2500
1731,-1,-1,0,3,3,0,"WeaponCritChance",21,30000,1300,6000
1732,-1,-1,0,3,4,0,"WeaponCritChance",30,73500,4000,14700
1733,-1,-1,0,3,5,0,"WeaponCritChance",30,194500,12100,38900
1734,-1,-1,0,3,6,0,"WeaponCritChance",30,583500,36400,116700
1735,-1,-1,0,3,1,0,"WeaponCritDamageMultiplier",1.2,500,100,100
1736,-1,-1,0,3,2,0,"WeaponCritDamageMultiplier",1.575,12500,400,2500
1737,-1,-1,0,3,3,0,"WeaponCritDamageMultiplier",1.725,30000,1300,6000
1738,-1,-1,0,3,4,0,"WeaponCritDamageMultiplier",3,73500,4000,14700
1739,-1,-1,0,3,5,0,"WeaponCritDamageMultiplier",3,194500,12100,38900
1740,-1,-1,0,3,6,0,"WeaponCritDamageMultiplier",3,583500,36400,116700
1741,-1,-1,0,3,1,0,"MovementAllowance",1.5,500,100,100
1742,-1,-1,0,3,2,0,"MovementAllowance",1.5,12500,400,2500
1743,-1,-1,0,3,3,0,"MovementAllowance",3,30000,1300,6000
1744,-1,-1,0,3,4,0,"MovementAllowance",3,73500,4000,14700
1745,-1,-1,0,3,5,0,"MovementAllowance",4.5,194500,12100,38900
1746,-1,-1,0,3,6,0,"MovementAllowance",6,583500,36400,116700
1747,-1,-1,0,3,1,1,"WeaponAccuracy",.15,500,100,100
1748,-1,-1,0,3,2,1,"WeaponAccuracy",.15,12500,400,2500
1749,-1,-1,0,3,3,1,"WeaponAccuracy",.21,30000,1300,6000
1750,-1,-1,0,3,4,1,"WeaponAccuracy",.3,73500,4000,14700
1751,-1,-1,0,3,5,1,"WeaponAccuracy",.45,194500,12100,38900
1752,-1,-1,0,3,6,1,"WeaponAccuracy",.45,583500,36400,116700
1753,-1,-1,0,3,1,1,"WeaponCritChance",15,500,100,100
1754,-1,-1,0,3,2,1,"WeaponCritChance",15,12500,400,2500
1755,-1,-1,0,3,3,1,"WeaponCritChance",21,30000,1300,6000
1756,-1,-1,0,3,4,1,"WeaponCritChance",30,73500,4000,14700
1757,-1,-1,0,3,5,1,"WeaponCritChance",30,194500,12100,38900
1758,-1,-1,0,3,6,1,"WeaponCritChance",30,583500,36400,116700
1759,-1,-1,0,3,1,1,"WeaponCritDamageMultiplier",1.2,500,100,100
1760,-1,-1,0,3,2,1,"WeaponCritDamageMultiplier",1.575,12500,400,2500
1761,-1,-1,0,3,3,1,"WeaponCritDamageMultiplier",1.725,30000,1300,6000
1762,-1,-1,0,3,4,1,"WeaponCritDamageMultiplier",3,73500,4000,14700
1763,-1,-1,0,3,5,1,"WeaponCritDamageMultiplier",3,194500,12100,38900
1764,-1,-1,0,3,6,1,"WeaponCritDamageMultiplier",3,583500,36400,116700
1765,-1,-1,0,3,1,1,"MovementAllowance",1.5,500,100,100
1766,-1,-1,0,3,2,1,"MovementAllowance",1.5,12500,400,2500
1767,-1,-1,0,3,3,1,"MovementAllowance",3,30000,1300,6000
1768,-1,-1,0,3,4,1,"MovementAllowance",3,73500,4000,14700
1769,-1,-1,0,3,5,1,"MovementAllowance",4.5,194500,12100,38900
1770,-1,-1,0,3,6,1,"MovementAllowance",6,583500,36400,116700
1771,-1,-1,0,3,1,2,"WeaponDamage",45,500,100,100
1772,-1,-1,0,3,2,2,"WeaponDamage",45,12500,400,2500
1773,-1,-1,0,3,3,2,"WeaponDamage",90,30000,1300,6000
1774,-1,-1,0,3,4,2,"WeaponDamage",120,73500,4000,14700
1775,-1,-1,0,3,5,2,"WeaponDamage",180,194500,12100,38900
1776,-1,-1,0,3,6,2,"WeaponDamage",180,583500,36400,116700
1777,-1,-1,0,3,1,2,"WeaponCritChance",15,500,100,100
1778,-1,-1,0,3,2,2,"WeaponCritChance",15,12500,400,2500
1779,-1,-1,0,3,3,2,"WeaponCritChance",21,30000,1300,6000
1780,-1,-1,0,3,4,2,"WeaponCritChance",30,73500,4000,14700
1781,-1,-1,0,3,5,2,"WeaponCritChance",30,194500,12100,38900
1782,-1,-1,0,3,6,2,"WeaponCritChance",30,583500,36400,116700
1783,-1,-1,0,3,1,2,"WeaponCritDamageMultiplier",1.2,500,100,100
1784,-1,-1,0,3,2,2,"WeaponCritDamageMultiplier",1.575,12500,400,2500
1785,-1,-1,0,3,3,2,"WeaponCritDamageMultiplier",1.725,30000,1300,6000
1786,-1,-1,0,3,4,2,"WeaponCritDamageMultiplier",3,73500,4000,14700
1787,-1,-1,0,3,5,2,"WeaponCritDamageMultiplier",3,194500,12100,38900
1788,-1,-1,0,3,6,2,"WeaponCritDamageMultiplier",3,583500,36400,116700
1789,-1,-1,0,3,1,2,"MovementAllowance",1.5,500,100,100
1790,-1,-1,0,3,2,2,"MovementAllowance",1.5,12500,400,2500
1791,-1,-1,0,3,3,2,"MovementAllowance",3,30000,1300,6000
1792,-1,-1,0,3,4,2,"MovementAllowance",3,73500,4000,14700
1793,-1,-1,0,3,5,2,"MovementAllowance",4.5,194500,12100,38900
1794,-1,-1,0,3,6,2,"MovementAllowance",6,583500,36400,116700
1795,-1,-1,1,0,1,0,"WeaponDamage",45,500,100,100
1796,-1,-1,1,0,2,0,"WeaponDamage",45,12500,400,2500
1797,-1,-1,1,0,3,0,"WeaponDamage",90,30000,1300,6000
1798,-1,-1,1,0,4,0,"WeaponDamage",120,73500,4000,14700
1799,-1,-1,1,0,5,0,"WeaponDamage",180,194500,12100,38900
1800,-1,-1,1,0,6,0,"WeaponDamage",180,583500,36400,116700
1801,-1,-1,1,0,1,0,"WeaponCritChance",15,500,100,100
1802,-1,-1,1,0,2,0,"WeaponCritChance",15,12500,400,2500
1803,-1,-1,1,0,3,0,"WeaponCritChance",21,30000,1300,6000
1804,-1,-1,1,0,4,0,"WeaponCritChance",30,73500,4000,14700
1805,-1,-1,1,0,5,0,"WeaponCritChance",30,194500,12100,38900
1806,-1,-1,1,0,6,0,"WeaponCritChance",30,583500,36400,116700
1807,-1,-1,1,0,1,0,"WeaponCritDamageMultiplier",1.2,500,100,100
1808,-1,-1,1,0,2,0,"WeaponCritDamageMultiplier",1.575,12500,400,2500
1809,-1,-1,1,0,3,0,"WeaponCritDamageMultiplier",1.725,30000,1300,6000
1810,-1,-1,1,0,4,0,"WeaponCritDamageMultiplier",3,73500,4000,14700
1811,-1,-1,1,0,5,0,"WeaponCritDamageMultiplier",3,194500,12100,38900
1812,-1,-1,1,0,6,0,"WeaponCritDamageMultiplier",3,583500,36400,116700
1813,-1,-1,1,0,1,0,"WeaponMagazineSize",3,500,100,100
1814,-1,-1,1,0,2,0,"WeaponMagazineSize",3,12500,400,2500
1815,-1,-1,1,0,3,0,"WeaponMagazineSize",3,30000,1300,6000
1816,-1,-1,1,0,4,0,"WeaponMagazineSize",3,73500,4000,14700
1817,-1,-1,1,0,5,0,"WeaponMagazineSize",6,194500,12100,38900
1818,-1,-1,1,0,6,0,"WeaponMagazineSize",6,583500,36400,116700
1819,-1,-1,1,0,1,0,"MovementAllowance",1.5,500,100,100
1820,-1,-1,1,0,2,0,"MovementAllowance",1.5,12500,400,2500
1821,-1,-1,1,0,3,0,"MovementAllowance",3,30000,1300,6000
1822,-1,-1,1,0,4,0,"MovementAllowance",3,73500,4000,14700
1823,-1,-1,1,0,5,0,"MovementAllowance",4.5,194500,12100,38900
1824,-1,-1,1,0,6,0,"MovementAllowance",6,583500,36400,116700
1825,-1,-1,1,0,1,1,"WeaponAccuracy",.15,500,100,100
1826,-1,-1,1,0,2,1,"WeaponAccuracy",.15,12500,400,2500
1827,-1,-1,1,0,3,1,"WeaponAccuracy",.21,30000,1300,6000
1828,-1,-1,1,0,4,1,"WeaponAccuracy",.3,73500,4000,14700
1829,-1,-1,1,0,5,1,"WeaponAccuracy",.45,194500,12100,38900
1830,-1,-1,1,0,6,1,"WeaponAccuracy",.45,583500,36400,116700
1831,-1,-1,1,0,1,1,"WeaponCritChance",15,500,100,100
1832,-1,-1,1,0,2,1,"WeaponCritChance",15,12500,400,2500
1833,-1,-1,1,0,3,1,"WeaponCritChance",21,30000,1300,6000
1834,-1,-1,1,0,4,1,"WeaponCritChance",30,73500,4000,14700
1835,-1,-1,1,0,5,1,"WeaponCritChance",30,194500,12100,38900
1836,-1,-1,1,0,6,1,"WeaponCritChance",30,583500,36400,116700
1837,-1,-1,1,0,1,1,"WeaponCritDamageMultiplier",1.2,500,100,100
1838,-1,-1,1,0,2,1,"WeaponCritDamageMultiplier",1.575,12500,400,2500
1839,-1,-1,1,0,3,1,"WeaponCritDamageMultiplier",1.725,30000,1300,6000
1840,-1,-1,1,0,4,1,"WeaponCritDamageMultiplier",3,73500,4000,14700
1841,-1,-1,1,0,5,1,"WeaponCritDamageMultiplier",3,194500,12100,38900
1842,-1,-1,1,0,6,1,"WeaponCritDamageMultiplier",3,583500,36400,116700
1843,-1,-1,1,0,1,1,"WeaponMagazineSize",3,500,100,100
1844,-1,-1,1,0,2,1,"WeaponMagazineSize",3,12500,400,2500
1845,-1,-1,1,0,3,1,"WeaponMagazineSize",3,30000,1300,6000
1846,-1,-1,1,0,4,1,"WeaponMagazineSize",3,73500,4000,14700
1847,-1,-1,1,0,5,1,"WeaponMagazineSize",6,194500,12100,38900
1848,-1,-1,1,0,6,1,"WeaponMagazineSize",6,583500,36400,116700
1849,-1,-1,1,0,1,1,"MovementAllowance",1.5,500,100,100
1850,-1,-1,1,0,2,1,"MovementAllowance",1.5,12500,400,2500
1851,-1,-1,1,0,3,1,"MovementAllowance",3,30000,1300,6000
1852,-1,-1,1,0,4,1,"MovementAllowance",3,73500,4000,14700
1853,-1,-1,1,0,5,1,"MovementAllowance",4.5,194500,12100,38900
1854,-1,-1,1,0,6,1,"MovementAllowance",6,583500,36400,116700
1855,-1,-1,1,0,1,2,"WeaponDamage",45,500,100,100
1856,-1,-1,1,0,2,2,"WeaponDamage",45,12500,400,2500
1857,-1,-1,1,0,3,2,"WeaponDamage",90,30000,1300,6000
1858,-1,-1,1,0,4,2,"WeaponDamage",120,73500,4000,14700
1859,-1,-1,1,0,5,2,"WeaponDamage",180,194500,12100,38900
1860,-1,-1,1,0,6,2,"WeaponDamage",180,583500,36400,116700
1861,-1,-1,1,0,1,2,"WeaponCritDamageMultiplier",1.2,500,100,100
1862,-1,-1,1,0,2,2,"WeaponCritDamageMultiplier",1.575,12500,400,2500
1863,-1,-1,1,0,3,2,"WeaponCritDamageMultiplier",1.725,30000,1300,6000
1864,-1,-1,1,0,4,2,"WeaponCritDamageMultiplier",3,73500,4000,14700
1865,-1,-1,1,0,5,2,"WeaponCritDamageMultiplier",3,194500,12100,38900
1866,-1,-1,1,0,6,2,"WeaponCritDamageMultiplier",3,583500,36400,116700
1867,-1,-1,1,0,1,2,"WeaponMagazineSize",3,500,100,100
1868,-1,-1,1,0,2,2,"WeaponMagazineSize",3,12500,400,2500
1869,-1,-1,1,0,3,2,"WeaponMagazineSize",3,30000,1300,6000
1870,-1,-1,1,0,4,2,"WeaponMagazineSize",3,73500,4000,14700
1871,-1,-1,1,0,5,2,"WeaponMagazineSize",6,194500,12100,38900
1872,-1,-1,1,0,6,2,"WeaponMagazineSize",6,583500,36400,116700
1873,-1,-1,1,0,1,2,"MovementAllowance",1.5,500,100,100
1874,-1,-1,1,0,2,2,"MovementAllowance",1.5,12500,400,2500
1875,-1,-1,1,0,3,2,"MovementAllowance",3,30000,1300,6000
1876,-1,-1,1,0,4,2,"MovementAllowance",3,73500,4000,14700
1877,-1,-1,1,0,5,2,"MovementAllowance",4.5,194500,12100,38900
1878,-1,-1,1,0,6,2,"MovementAllowance",6,583500,36400,116700
1879,-1,-1,1,1,1,0,"WeaponDamage",45,500,100,100
1880,-1,-1,1,1,2,0,"WeaponDamage",45,12500,400,2500
1881,-1,-1,1,1,3,0,"WeaponDamage",90,30000,1300,6000
1882,-1,-1,1,1,4,0,"WeaponDamage",120,73500,4000,14700
1883,-1,-1,1,1,5,0,"WeaponDamage",180,194500,12100,38900
1884,-1,-1,1,1,6,0,"WeaponDamage",180,583500,36400,116700
1885,-1,-1,1,1,1,0,"WeaponCritChance",15,500,100,100
1886,-1,-1,1,1,2,0,"WeaponCritChance",15,12500,400,2500
1887,-1,-1,1,1,3,0,"WeaponCritChance",21,30000,1300,6000
1888,-1,-1,1,1,4,0,"WeaponCritChance",30,73500,4000,14700
1889,-1,-1,1,1,5,0,"WeaponCritChance",30,194500,12100,38900
1890,-1,-1,1,1,6,0,"WeaponCritChance",30,583500,36400,116700
1891,-1,-1,1,1,1,0,"WeaponCritDamageMultiplier",1.2,500,100,100
1892,-1,-1,1,1,2,0,"WeaponCritDamageMultiplier",1.575,12500,400,2500
1893,-1,-1,1,1,3,0,"WeaponCritDamageMultiplier",1.725,30000,1300,6000
1894,-1,-1,1,1,4,0,"WeaponCritDamageMultiplier",3,73500,4000,14700
1895,-1,-1,1,1,5,0,"WeaponCritDamageMultiplier",3,194500,12100,38900
1896,-1,-1,1,1,6,0,"WeaponCritDamageMultiplier",3,583500,36400,116700
1897,-1,-1,1,1,1,0,"WeaponMagazineSize",3,500,100,100
1898,-1,-1,1,1,2,0,"WeaponMagazineSize",3,12500,400,2500
1899,-1,-1,1,1,3,0,"WeaponMagazineSize",3,30000,1300,6000
1900,-1,-1,1,1,4,0,"WeaponMagazineSize",3,73500,4000,14700
1901,-1,-1,1,1,5,0,"WeaponMagazineSize",6,194500,12100,38900
1902,-1,-1,1,1,6,0,"WeaponMagazineSize",6,583500,36400,116700
1903,-1,-1,1,1,1,0,"MovementAllowance",1.5,500,100,100
1904,-1,-1,1,1,2,0,"MovementAllowance",1.5,12500,400,2500
1905,-1,-1,1,1,3,0,"MovementAllowance",3,30000,1300,6000
1906,-1,-1,1,1,4,0,"MovementAllowance",3,73500,4000,14700
1907,-1,-1,1,1,5,0,"MovementAllowance",4.5,194500,12100,38900
1908,-1,-1,1,1,6,0,"MovementAllowance",6,583500,36400,116700
1909,-1,-1,1,1,1,1,"WeaponDamage",45,500,100,100
1910,-1,-1,1,1,2,1,"WeaponDamage",45,12500,400,2500
1911,-1,-1,1,1,3,1,"WeaponDamage",90,30000,1300,6000
1912,-1,-1,1,1,4,1,"WeaponDamage",120,73500,4000,14700
1913,-1,-1,1,1,5,1,"WeaponDamage",180,194500,12100,38900
1914,-1,-1,1,1,6,1,"WeaponDamage",180,583500,36400,116700
1915,-1,-1,1,1,1,1,"WeaponCritChance",15,500,100,100
1916,-1,-1,1,1,2,1,"WeaponCritChance",15,12500,400,2500
1917,-1,-1,1,1,3,1,"WeaponCritChance",21,30000,1300,6000
1918,-1,-1,1,1,4,1,"WeaponCritChance",30,73500,4000,14700
1919,-1,-1,1,1,5,1,"WeaponCritChance",30,194500,12100,38900
1920,-1,-1,1,1,6,1,"WeaponCritChance",30,583500,36400,116700
1921,-1,-1,1,1,1,1,"WeaponCritDamageMultiplier",1.2,500,100,100
1922,-1,-1,1,1,2,1,"WeaponCritDamageMultiplier",1.575,12500,400,2500
1923,-1,-1,1,1,3,1,"WeaponCritDamageMultiplier",1.725,30000,1300,6000
1924,-1,-1,1,1,4,1,"WeaponCritDamageMultiplier",3,73500,4000,14700
1925,-1,-1,1,1,5,1,"WeaponCritDamageMultiplier",3,194500,12100,38900
1926,-1,-1,1,1,6,1,"WeaponCritDamageMultiplier",3,583500,36400,116700
1927,-1,-1,1,1,1,1,"WeaponMagazineSize",3,500,100,100
1928,-1,-1,1,1,2,1,"WeaponMagazineSize",3,12500,400,2500
1929,-1,-1,1,1,3,1,"WeaponMagazineSize",3,30000,1300,6000
1930,-1,-1,1,1,4,1,"WeaponMagazineSize",3,73500,4000,14700
1931,-1,-1,1,1,5,1,"WeaponMagazineSize",6,194500,12100,38900
1932,-1,-1,1,1,6,1,"WeaponMagazineSize",6,583500,36400,116700
1933,-1,-1,1,1,1,1,"MovementAllowance",1.5,500,100,100
1934,-1,-1,1,1,2,1,"MovementAllowance",1.5,12500,400,2500
1935,-1,-1,1,1,3,1,"MovementAllowance",3,30000,1300,6000
1936,-1,-1,1,1,4,1,"MovementAllowance",3,73500,4000,14700
1937,-1,-1,1,1,5,1,"MovementAllowance",4.5,194500,12100,38900
1938,-1,-1,1,1,6,1,"MovementAllowance",6,583500,36400,116700
1939,-1,-1,1,1,1,2,"WeaponDamage",45,500,100,100
1940,-1,-1,1,1,2,2,"WeaponDamage",45,12500,400,2500
1941,-1,-1,1,1,3,2,"WeaponDamage",90,30000,1300,6000
1942,-1,-1,1,1,4,2,"WeaponDamage",120,73500,4000,14700
1943,-1,-1,1,1,5,2,"WeaponDamage",180,194500,12100,38900
1944,-1,-1,1,1,6,2,"WeaponDamage",180,583500,36400,116700
1945,-1,-1,1,1,1,2,"WeaponCritDamageMultiplier",1.2,500,100,100
1946,-1,-1,1,1,2,2,"WeaponCritDamageMultiplier",1.575,12500,400,2500
1947,-1,-1,1,1,3,2,"WeaponCritDamageMultiplier",1.725,30000,1300,6000
1948,-1,-1,1,1,4,2,"WeaponCritDamageMultiplier",3,73500,4000,14700
1949,-1,-1,1,1,5,2,"WeaponCritDamageMultiplier",3,194500,12100,38900
1950,-1,-1,1,1,6,2,"WeaponCritDamageMultiplier",3,583500,36400,116700
1951,-1,-1,1,1,1,2,"WeaponMagazineSize",3,500,100,100
1952,-1,-1,1,1,2,2,"WeaponMagazineSize",3,12500,400,2500
1953,-1,-1,1,1,3,2,"WeaponMagazineSize",3,30000,1300,6000
1954,-1,-1,1,1,4,2,"WeaponMagazineSize",3,73500,4000,14700
1955,-1,-1,1,1,5,2,"WeaponMagazineSize",6,194500,12100,38900
1956,-1,-1,1,1,6,2,"WeaponMagazineSize",6,583500,36400,116700
1957,-1,-1,1,1,1,2,"MovementAllowance",1.5,500,100,100
1958,-1,-1,1,1,2,2,"MovementAllowance",1.5,12500,400,2500
1959,-1,-1,1,1,3,2,"MovementAllowance",3,30000,1300,6000
1960,-1,-1,1,1,4,2,"MovementAllowance",3,73500,4000,14700
1961,-1,-1,1,1,5,2,"MovementAllowance",4.5,194500,12100,38900
1962,-1,-1,1,1,6,2,"MovementAllowance",6,583500,36400,116700
1963,-1,-1,1,2,1,0,"WeaponDamage",45,500,100,100
1964,-1,-1,1,2,2,0,"WeaponDamage",45,12500,400,2500
1965,-1,-1,1,2,3,0,"WeaponDamage",90,30000,1300,6000
1966,-1,-1,1,2,4,0,"WeaponDamage",120,73500,4000,14700
1967,-1,-1,1,2,5,0,"WeaponDamage",180,194500,12100,38900
1968,-1,-1,1,2,6,0,"WeaponDamage",180,583500,36400,116700
1969,-1,-1,1,2,1,0,"WeaponAccuracy",.15,500,100,100
1970,-1,-1,1,2,2,0,"WeaponAccuracy",.15,12500,400,2500
1971,-1,-1,1,2,3,0,"WeaponAccuracy",.21,30000,1300,6000
1972,-1,-1,1,2,4,0,"WeaponAccuracy",.3,73500,4000,14700
1973,-1,-1,1,2,5,0,"WeaponAccuracy",.45,194500,12100,38900
1974,-1,-1,1,2,6,0,"WeaponAccuracy",.45,583500,36400,116700
1975,-1,-1,1,2,1,0,"WeaponCritChance",15,500,100,100
1976,-1,-1,1,2,2,0,"WeaponCritChance",15,12500,400,2500
1977,-1,-1,1,2,3,0,"WeaponCritChance",21,30000,1300,6000
1978,-1,-1,1,2,4,0,"WeaponCritChance",30,73500,4000,14700
1979,-1,-1,1,2,5,0,"WeaponCritChance",30,194500,12100,38900
1980,-1,-1,1,2,6,0,"WeaponCritChance",30,583500,36400,116700
1981,-1,-1,1,2,1,0,"WeaponCritDamageMultiplier",1.2,500,100,100
1982,-1,-1,1,2,2,0,"WeaponCritDamageMultiplier",1.575,12500,400,2500
1983,-1,-1,1,2,3,0,"WeaponCritDamageMultiplier",1.725,30000,1300,6000
1984,-1,-1,1,2,4,0,"WeaponCritDamageMultiplier",3,73500,4000,14700
1985,-1,-1,1,2,5,0,"WeaponCritDamageMultiplier",3,194500,12100,38900
1986,-1,-1,1,2,6,0,"WeaponCritDamageMultiplier",3,583500,36400,116700
1987,-1,-1,1,2,1,0,"WeaponMagazineSize",3,500,100,100
1988,-1,-1,1,2,2,0,"WeaponMagazineSize",3,12500,400,2500
1989,-1,-1,1,2,3,0,"WeaponMagazineSize",3,30000,1300,6000
1990,-1,-1,1,2,4,0,"WeaponMagazineSize",3,73500,4000,14700
1991,-1,-1,1,2,5,0,"WeaponMagazineSize",6,194500,12100,38900
1992,-1,-1,1,2,6,0,"WeaponMagazineSize",6,583500,36400,116700
1993,-1,-1,1,2,1,1,"WeaponAccuracy",.15,500,100,100
1994,-1,-1,1,2,2,1,"WeaponAccuracy",.15,12500,400,2500
1995,-1,-1,1,2,3,1,"WeaponAccuracy",.21,30000,1300,6000
1996,-1,-1,1,2,4,1,"WeaponAccuracy",.3,73500,4000,14700
1997,-1,-1,1,2,5,1,"WeaponAccuracy",.45,194500,12100,38900
1998,-1,-1,1,2,6,1,"WeaponAccuracy",.45,583500,36400,116700
1999,-1,-1,1,2,1,1,"WeaponCritChance",15,500,100,100
2000,-1,-1,1,2,2,1,"WeaponCritChance",15,12500,400,2500
2001,-1,-1,1,2,3,1,"WeaponCritChance",21,30000,1300,6000
2002,-1,-1,1,2,4,1,"WeaponCritChance",30,73500,4000,14700
2003,-1,-1,1,2,5,1,"WeaponCritChance",30,194500,12100,38900
2004,-1,-1,1,2,6,1,"WeaponCritChance",30,583500,36400,116700
2005,-1,-1,1,2,1,1,"WeaponCritDamageMultiplier",1.2,500,100,100
2006,-1,-1,1,2,2,1,"WeaponCritDamageMultiplier",1.575,12500,400,2500
2007,-1,-1,1,2,3,1,"WeaponCritDamageMultiplier",1.725,30000,1300,6000
2008,-1,-1,1,2,4,1,"WeaponCritDamageMultiplier",3,73500,4000,14700
2009,-1,-1,1,2,5,1,"WeaponCritDamageMultiplier",3,194500,12100,38900
2010,-1,-1,1,2,6,1,"WeaponCritDamageMultiplier",3,583500,36400,116700
2011,-1,-1,1,2,1,1,"WeaponMagazineSize",3,500,100,100
2012,-1,-1,1,2,2,1,"WeaponMagazineSize",3,12500,400,2500
2013,-1,-1,1,2,3,1,"WeaponMagazineSize",3,30000,1300,6000
2014,-1,-1,1,2,4,1,"WeaponMagazineSize",3,73500,4000,14700
2015,-1,-1,1,2,5,1,"WeaponMagazineSize",6,194500,12100,38900
2016,-1,-1,1,2,6,1,"WeaponMagazineSize",6,583500,36400,116700
2017,-1,-1,1,2,1,1,"MovementAllowance",1.5,500,100,100
2018,-1,-1,1,2,2,1,"MovementAllowance",1.5,12500,400,2500
2019,-1,-1,1,2,3,1,"MovementAllowance",3,30000,1300,6000
2020,-1,-1,1,2,4,1,"MovementAllowance",3,73500,4000,14700
2021,-1,-1,1,2,5,1,"MovementAllowance",4.5,194500,12100,38900
2022,-1,-1,1,2,6,1,"MovementAllowance",6,583500,36400,116700
2023,-1,-1,1,2,1,2,"WeaponAccuracy",.15,500,100,100
2024,-1,-1,1,2,2,2,"WeaponAccuracy",.15,12500,400,2500
2025,-1,-1,1,2,3,2,"WeaponAccuracy",.21,30000,1300,6000
2026,-1,-1,1,2,4,2,"WeaponAccuracy",.3,73500,4000,14700
2027,-1,-1,1,2,5,2,"WeaponAccuracy",.45,194500,12100,38900
2028,-1,-1,1,2,6,2,"WeaponAccuracy",.45,583500,36400,116700
2029,-1,-1,1,2,1,2,"WeaponCritChance",15,500,100,100
2030,-1,-1,1,2,2,2,"WeaponCritChance",15,12500,400,2500
2031,-1,-1,1,2,3,2,"WeaponCritChance",21,30000,1300,6000
2032,-1,-1,1,2,4,2,"WeaponCritChance",30,73500,4000,14700
2033,-1,-1,1,2,5,2,"WeaponCritChance",30,194500,12100,38900
2034,-1,-1,1,2,6,2,"WeaponCritChance",30,583500,36400,116700
2035,-1,-1,1,2,1,2,"WeaponMagazineSize",3,500,100,100
2036,-1,-1,1,2,2,2,"WeaponMagazineSize",3,12500,400,2500
2037,-1,-1,1,2,3,2,"WeaponMagazineSize",3,30000,1300,6000
2038,-1,-1,1,2,4,2,"WeaponMagazineSize",3,73500,4000,14700
2039,-1,-1,1,2,5,2,"WeaponMagazineSize",6,194500,12100,38900
2040,-1,-1,1,2,6,2,"WeaponMagazineSize",6,583500,36400,116700
2041,-1,-1,1,2,1,2,"MovementAllowance",1.5,500,100,100
2042,-1,-1,1,2,2,2,"MovementAllowance",1.5,12500,400,2500
2043,-1,-1,1,2,3,2,"MovementAllowance",3,30000,1300,6000
2044,-1,-1,1,2,4,2,"MovementAllowance",3,73500,4000,14700
2045,-1,-1,1,2,5,2,"MovementAllowance",4.5,194500,12100,38900
2046,-1,-1,1,2,6,2,"MovementAllowance",6,583500,36400,116700
2047,-1,-1,1,3,1,0,"WeaponDamage",45,500,100,100
2048,-1,-1,1,3,2,0,"WeaponDamage",45,12500,400,2500
2049,-1,-1,1,3,3,0,"WeaponDamage",90,30000,1300,6000
2050,-1,-1,1,3,4,0,"WeaponDamage",120,73500,4000,14700
2051,-1,-1,1,3,5,0,"WeaponDamage",180,194500,12100,38900
2052,-1,-1,1,3,6,0,"WeaponDamage",180,583500,36400,116700
2053,-1,-1,1,3,1,0,"WeaponAccuracy",.15,500,100,100
2054,-1,-1,1,3,2,0,"WeaponAccuracy",.15,12500,400,2500
2055,-1,-1,1,3,3,0,"WeaponAccuracy",.21,30000,1300,6000
2056,-1,-1,1,3,4,0,"WeaponAccuracy",.3,73500,4000,14700
2057,-1,-1,1,3,5,0,"WeaponAccuracy",.45,194500,12100,38900
2058,-1,-1,1,3,6,0,"WeaponAccuracy",.45,583500,36400,116700
2059,-1,-1,1,3,1,0,"WeaponCritDamageMultiplier",1.2,500,100,100
2060,-1,-1,1,3,2,0,"WeaponCritDamageMultiplier",1.575,12500,400,2500
2061,-1,-1,1,3,3,0,"WeaponCritDamageMultiplier",1.725,30000,1300,6000
2062,-1,-1,1,3,4,0,"WeaponCritDamageMultiplier",3,73500,4000,14700
2063,-1,-1,1,3,5,0,"WeaponCritDamageMultiplier",3,194500,12100,38900
2064,-1,-1,1,3,6,0,"WeaponCritDamageMultiplier",3,583500,36400,116700
2065,-1,-1,1,3,1,0,"WeaponMagazineSize",3,500,100,100
2066,-1,-1,1,3,2,0,"WeaponMagazineSize",3,12500,400,2500
2067,-1,-1,1,3,3,0,"WeaponMagazineSize",3,30000,1300,6000
2068,-1,-1,1,3,4,0,"WeaponMagazineSize",3,73500,4000,14700
2069,-1,-1,1,3,5,0,"WeaponMagazineSize",6,194500,12100,38900
2070,-1,-1,1,3,6,0,"WeaponMagazineSize",6,583500,36400,116700
2071,-1,-1,1,3,1,0,"MovementAllowance",1.5,500,100,100
2072,-1,-1,1,3,2,0,"MovementAllowance",1.5,12500,400,2500
2073,-1,-1,1,3,3,0,"MovementAllowance",3,30000,1300,6000
2074,-1,-1,1,3,4,0,"MovementAllowance",3,73500,4000,14700
2075,-1,-1,1,3,5,0,"MovementAllowance",4.5,194500,12100,38900
2076,-1,-1,1,3,6,0,"MovementAllowance",6,583500,36400,116700
2077,-1,-1,1,3,1,1,"WeaponDamage",45,500,100,100
2078,-1,-1,1,3,2,1,"WeaponDamage",45,12500,400,2500
2079,-1,-1,1,3,3,1,"WeaponDamage",90,30000,1300,6000
2080,-1,-1,1,3,4,1,"WeaponDamage",120,73500,4000,14700
2081,-1,-1,1,3,5,1,"WeaponDamage",180,194500,12100,38900
2082,-1,-1,1,3,6,1,"WeaponDamage",180,583500,36400,116700
2083,-1,-1,1,3,1,1,"WeaponCritChance",15,500,100,100
2084,-1,-1,1,3,2,1,"WeaponCritChance",15,12500,400,2500
2085,-1,-1,1,3,3,1,"WeaponCritChance",21,30000,1300,6000
2086,-1,-1,1,3,4,1,"WeaponCritChance",30,73500,4000,14700
2087,-1,-1,1,3,5,1,"WeaponCritChance",30,194500,12100,38900
2088,-1,-1,1,3,6,1,"WeaponCritChance",30,583500,36400,116700
2089,-1,-1,1,3,1,1,"WeaponCritDamageMultiplier",1.2,500,100,100
2090,-1,-1,1,3,2,1,"WeaponCritDamageMultiplier",1.575,12500,400,2500
2091,-1,-1,1,3,3,1,"WeaponCritDamageMultiplier",1.725,30000,1300,6000
2092,-1,-1,1,3,4,1,"WeaponCritDamageMultiplier",3,73500,4000,14700
2093,-1,-1,1,3,5,1,"WeaponCritDamageMultiplier",3,194500,12100,38900
2094,-1,-1,1,3,6,1,"WeaponCritDamageMultiplier",3,583500,36400,116700
2095,-1,-1,1,3,1,1,"MovementAllowance",1.5,500,100,100
2096,-1,-1,1,3,2,1,"MovementAllowance",1.5,12500,400,2500
2097,-1,-1,1,3,3,1,"MovementAllowance",3,30000,1300,6000
2098,-1,-1,1,3,4,1,"MovementAllowance",3,73500,4000,14700
2099,-1,-1,1,3,5,1,"MovementAllowance",4.5,194500,12100,38900
2100,-1,-1,1,3,6,1,"MovementAllowance",6,583500,36400,116700
2101,-1,-1,1,3,1,2,"WeaponAccuracy",.15,500,100,100
2102,-1,-1,1,3,2,2,"WeaponAccuracy",.15,12500,400,2500
2103,-1,-1,1,3,3,2,"WeaponAccuracy",.21,30000,1300,6000
2104,-1,-1,1,3,4,2,"WeaponAccuracy",.3,73500,4000,14700
2105,-1,-1,1,3,5,2,"WeaponAccuracy",.45,194500,12100,38900
2106,-1,-1,1,3,6,2,"WeaponAccuracy",.45,583500,36400,116700
2107,-1,-1,1,3,1,2,"WeaponCritChance",15,500,100,100
2108,-1,-1,1,3,2,2,"WeaponCritChance",15,12500,400,2500
2109,-1,-1,1,3,3,2,"WeaponCritChance",21,30000,1300,6000
2110,-1,-1,1,3,4,2,"WeaponCritChance",30,73500,4000,14700
2111,-1,-1,1,3,5,2,"WeaponCritChance",30,194500,12100,38900
2112,-1,-1,1,3,6,2,"WeaponCritChance",30,583500,36400,116700
2113,-1,-1,1,3,1,2,"WeaponCritDamageMultiplier",1.2,500,100,100
2114,-1,-1,1,3,2,2,"WeaponCritDamageMultiplier",1.575,12500,400,2500
2115,-1,-1,1,3,3,2,"WeaponCritDamageMultiplier",1.725,30000,1300,6000
2116,-1,-1,1,3,4,2,"WeaponCritDamageMultiplier",3,73500,4000,14700
2117,-1,-1,1,3,5,2,"WeaponCritDamageMultiplier",3,194500,12100,38900
2118,-1,-1,1,3,6,2,"WeaponCritDamageMultiplier",3,583500,36400,116700
2119,-1,-1,1,3,1,2,"MovementAllowance",1.5,500,100,100
2120,-1,-1,1,3,2,2,"MovementAllowance",1.5,12500,400,2500
2121,-1,-1,1,3,3,2,"MovementAllowance",3,30000,1300,6000
2122,-1,-1,1,3,4,2,"MovementAllowance",3,73500,4000,14700
2123,-1,-1,1,3,5,2,"MovementAllowance",4.5,194500,12100,38900
2124,-1,-1,1,3,6,2,"MovementAllowance",6,583500,36400,116700
2125,-1,-1,4,0,1,0,"WeaponCritChance",15,500,100,100
2126,-1,-1,4,0,2,0,"WeaponCritChance",15,12500,400,2500
2127,-1,-1,4,0,3,0,"WeaponCritChance",21,30000,1300,6000
2128,-1,-1,4,0,4,0,"WeaponCritChance",30,73500,4000,14700
2129,-1,-1,4,0,5,0,"WeaponCritChance",30,194500,12100,38900
2130,-1,-1,4,0,6,0,"WeaponCritChance",30,583500,36400,116700
2131,-1,-1,4,0,1,0,"WeaponCritDamageMultiplier",1.2,500,100,100
2132,-1,-1,4,0,2,0,"WeaponCritDamageMultiplier",1.575,12500,400,2500
2133,-1,-1,4,0,3,0,"WeaponCritDamageMultiplier",1.725,30000,1300,6000
2134,-1,-1,4,0,4,0,"WeaponCritDamageMultiplier",3,73500,4000,14700
2135,-1,-1,4,0,5,0,"WeaponCritDamageMultiplier",3,194500,12100,38900
2136,-1,-1,4,0,6,0,"WeaponCritDamageMultiplier",3,583500,36400,116700
2137,-1,-1,4,0,1,0,"WeaponMagazineSize",3,500,100,100
2138,-1,-1,4,0,2,0,"WeaponMagazineSize",3,12500,400,2500
2139,-1,-1,4,0,3,0,"WeaponMagazineSize",3,30000,1300,6000
2140,-1,-1,4,0,4,0,"WeaponMagazineSize",3,73500,4000,14700
2141,-1,-1,4,0,5,0,"WeaponMagazineSize",6,194500,12100,38900
2142,-1,-1,4,0,6,0,"WeaponMagazineSize",6,583500,36400,116700
2143,-1,-1,4,0,1,0,"MovementAllowance",1.5,500,100,100
2144,-1,-1,4,0,2,0,"MovementAllowance",1.5,12500,400,2500
2145,-1,-1,4,0,3,0,"MovementAllowance",3,30000,1300,6000
2146,-1,-1,4,0,4,0,"MovementAllowance",3,73500,4000,14700
2147,-1,-1,4,0,5,0,"MovementAllowance",4.5,194500,12100,38900
2148,-1,-1,4,0,6,0,"MovementAllowance",6,583500,36400,116700
2149,-1,-1,4,0,1,1,"WeaponDamage",45,500,100,100
2150,-1,-1,4,0,2,1,"WeaponDamage",45,12500,400,2500
2151,-1,-1,4,0,3,1,"WeaponDamage",90,30000,1300,6000
2152,-1,-1,4,0,4,1,"WeaponDamage",120,73500,4000,14700
2153,-1,-1,4,0,5,1,"WeaponDamage",180,194500,12100,38900
2154,-1,-1,4,0,6,1,"WeaponDamage",180,583500,36400,116700
2155,-1,-1,4,0,1,1,"WeaponAccuracy",.15,500,100,100
2156,-1,-1,4,0,2,1,"WeaponAccuracy",.15,12500,400,2500
2157,-1,-1,4,0,3,1,"WeaponAccuracy",.21,30000,1300,6000
2158,-1,-1,4,0,4,1,"WeaponAccuracy",.3,73500,4000,14700
2159,-1,-1,4,0,5,1,"WeaponAccuracy",.45,194500,12100,38900
2160,-1,-1,4,0,6,1,"WeaponAccuracy",.45,583500,36400,116700
2161,-1,-1,4,0,1,1,"WeaponCritChance",15,500,100,100
2162,-1,-1,4,0,2,1,"WeaponCritChance",15,12500,400,2500
2163,-1,-1,4,0,3,1,"WeaponCritChance",21,30000,1300,6000
2164,-1,-1,4,0,4,1,"WeaponCritChance",30,73500,4000,14700
2165,-1,-1,4,0,5,1,"WeaponCritChance",30,194500,12100,38900
2166,-1,-1,4,0,6,1,"WeaponCritChance",30,583500,36400,116700
2167,-1,-1,4,0,1,1,"WeaponMagazineSize",3,500,100,100
2168,-1,-1,4,0,2,1,"WeaponMagazineSize",3,12500,400,2500
2169,-1,-1,4,0,3,1,"WeaponMagazineSize",3,30000,1300,6000
2170,-1,-1,4,0,4,1,"WeaponMagazineSize",3,73500,4000,14700
2171,-1,-1,4,0,5,1,"WeaponMagazineSize",6,194500,12100,38900
2172,-1,-1,4,0,6,1,"WeaponMagazineSize",6,583500,36400,116700
2173,-1,-1,4,0,1,1,"MovementAllowance",1.5,500,100,100
2174,-1,-1,4,0,2,1,"MovementAllowance",1.5,12500,400,2500
2175,-1,-1,4,0,3,1,"MovementAllowance",3,30000,1300,6000
2176,-1,-1,4,0,4,1,"MovementAllowance",3,73500,4000,14700
2177,-1,-1,4,0,5,1,"MovementAllowance",4.5,194500,12100,38900
2178,-1,-1,4,0,6,1,"MovementAllowance",6,583500,36400,116700
2179,-1,-1,4,0,1,2,"WeaponDamage",45,500,100,100
2180,-1,-1,4,0,2,2,"WeaponDamage",45,12500,400,2500
2181,-1,-1,4,0,3,2,"WeaponDamage",90,30000,1300,6000
2182,-1,-1,4,0,4,2,"WeaponDamage",120,73500,4000,14700
2183,-1,-1,4,0,5,2,"WeaponDamage",180,194500,12100,38900
2184,-1,-1,4,0,6,2,"WeaponDamage",180,583500,36400,116700
2185,-1,-1,4,0,1,2,"WeaponAccuracy",.15,500,100,100
2186,-1,-1,4,0,2,2,"WeaponAccuracy",.15,12500,400,2500
2187,-1,-1,4,0,3,2,"WeaponAccuracy",.21,30000,1300,6000
2188,-1,-1,4,0,4,2,"WeaponAccuracy",.3,73500,4000,14700
2189,-1,-1,4,0,5,2,"WeaponAccuracy",.45,194500,12100,38900
2190,-1,-1,4,0,6,2,"WeaponAccuracy",.45,583500,36400,116700
2191,-1,-1,4,0,1,2,"WeaponCritChance",15,500,100,100
2192,-1,-1,4,0,2,2,"WeaponCritChance",15,12500,400,2500
2193,-1,-1,4,0,3,2,"WeaponCritChance",21,30000,1300,6000
2194,-1,-1,4,0,4,2,"WeaponCritChance",30,73500,4000,14700
2195,-1,-1,4,0,5,2,"WeaponCritChance",30,194500,12100,38900
2196,-1,-1,4,0,6,2,"WeaponCritChance",30,583500,36400,116700
2197,-1,-1,4,0,1,2,"WeaponMagazineSize",3,500,100,100
2198,-1,-1,4,0,2,2,"WeaponMagazineSize",3,12500,400,2500
2199,-1,-1,4,0,3,2,"WeaponMagazineSize",3,30000,1300,6000
2200,-1,-1,4,0,4,2,"WeaponMagazineSize",3,73500,4000,14700
2201,-1,-1,4,0,5,2,"WeaponMagazineSize",6,194500,12100,38900
2202,-1,-1,4,0,6,2,"WeaponMagazineSize",6,583500,36400,116700
2203,-1,-1,4,0,1,2,"MovementAllowance",1.5,500,100,100
2204,-1,-1,4,0,2,2,"MovementAllowance",1.5,12500,400,2500
2205,-1,-1,4,0,3,2,"MovementAllowance",3,30000,1300,6000
2206,-1,-1,4,0,4,2,"MovementAllowance",3,73500,4000,14700
2207,-1,-1,4,0,5,2,"MovementAllowance",4.5,194500,12100,38900
2208,-1,-1,4,0,6,2,"MovementAllowance",6,583500,36400,116700
2209,-1,-1,4,1,1,0,"WeaponDamage",45,500,100,100
2210,-1,-1,4,1,2,0,"WeaponDamage",45,12500,400,2500
2211,-1,-1,4,1,3,0,"WeaponDamage",90,30000,1300,6000
2212,-1,-1,4,1,4,0,"WeaponDamage",120,73500,4000,14700
2213,-1,-1,4,1,5,0,"WeaponDamage",180,194500,12100,38900
2214,-1,-1,4,1,6,0,"WeaponDamage",180,583500,36400,116700
2215,-1,-1,4,1,1,0,"WeaponCritChance",15,500,100,100
2216,-1,-1,4,1,2,0,"WeaponCritChance",15,12500,400,2500
2217,-1,-1,4,1,3,0,"WeaponCritChance",21,30000,1300,6000
2218,-1,-1,4,1,4,0,"WeaponCritChance",30,73500,4000,14700
2219,-1,-1,4,1,5,0,"WeaponCritChance",30,194500,12100,38900
2220,-1,-1,4,1,6,0,"WeaponCritChance",30,583500,36400,116700
2221,-1,-1,4,1,1,0,"WeaponCritDamageMultiplier",1.2,500,100,100
2222,-1,-1,4,1,2,0,"WeaponCritDamageMultiplier",1.575,12500,400,2500
2223,-1,-1,4,1,3,0,"WeaponCritDamageMultiplier",1.725,30000,1300,6000
2224,-1,-1,4,1,4,0,"WeaponCritDamageMultiplier",3,73500,4000,14700
2225,-1,-1,4,1,5,0,"WeaponCritDamageMultiplier",3,194500,12100,38900
2226,-1,-1,4,1,6,0,"WeaponCritDamageMultiplier",3,583500,36400,116700
2227,-1,-1,4,1,1,0,"WeaponMagazineSize",3,500,100,100
2228,-1,-1,4,1,2,0,"WeaponMagazineSize",3,12500,400,2500
2229,-1,-1,4,1,3,0,"WeaponMagazineSize",3,30000,1300,6000
2230,-1,-1,4,1,4,0,"WeaponMagazineSize",3,73500,4000,14700
2231,-1,-1,4,1,5,0,"WeaponMagazineSize",6,194500,12100,38900
2232,-1,-1,4,1,6,0,"WeaponMagazineSize",6,583500,36400,116700
2233,-1,-1,4,1,1,0,"MovementAllowance",1.5,500,100,100
2234,-1,-1,4,1,2,0,"MovementAllowance",1.5,12500,400,2500
2235,-1,-1,4,1,3,0,"MovementAllowance",3,30000,1300,6000
2236,-1,-1,4,1,4,0,"MovementAllowance",3,73500,4000,14700
2237,-1,-1,4,1,5,0,"MovementAllowance",4.5,194500,12100,38900
2238,-1,-1,4,1,6,0,"MovementAllowance",6,583500,36400,116700
2239,-1,-1,4,1,1,1,"WeaponAccuracy",.15,500,100,100
2240,-1,-1,4,1,2,1,"WeaponAccuracy",.15,12500,400,2500
2241,-1,-1,4,1,3,1,"WeaponAccuracy",.21,30000,1300,6000
2242,-1,-1,4,1,4,1,"WeaponAccuracy",.3,73500,4000,14700
2243,-1,-1,4,1,5,1,"WeaponAccuracy",.45,194500,12100,38900
2244,-1,-1,4,1,6,1,"WeaponAccuracy",.45,583500,36400,116700
2245,-1,-1,4,1,1,1,"WeaponCritDamageMultiplier",1.2,500,100,100
2246,-1,-1,4,1,2,1,"WeaponCritDamageMultiplier",1.575,12500,400,2500
2247,-1,-1,4,1,3,1,"WeaponCritDamageMultiplier",1.725,30000,1300,6000
2248,-1,-1,4,1,4,1,"WeaponCritDamageMultiplier",3,73500,4000,14700
2249,-1,-1,4,1,5,1,"WeaponCritDamageMultiplier",3,194500,12100,38900
2250,-1,-1,4,1,6,1,"WeaponCritDamageMultiplier",3,583500,36400,116700
2251,-1,-1,4,1,1,1,"WeaponMagazineSize",3,500,100,100
2252,-1,-1,4,1,2,1,"WeaponMagazineSize",3,12500,400,2500
2253,-1,-1,4,1,3,1,"WeaponMagazineSize",3,30000,1300,6000
2254,-1,-1,4,1,4,1,"WeaponMagazineSize",3,73500,4000,14700
2255,-1,-1,4,1,5,1,"WeaponMagazineSize",6,194500,12100,38900
2256,-1,-1,4,1,6,1,"WeaponMagazineSize",6,583500,36400,116700
2257,-1,-1,4,1,1,1,"MovementAllowance",1.5,500,100,100
2258,-1,-1,4,1,2,1,"MovementAllowance",1.5,12500,400,2500
2259,-1,-1,4,1,3,1,"MovementAllowance",3,30000,1300,6000
2260,-1,-1,4,1,4,1,"MovementAllowance",3,73500,4000,14700
2261,-1,-1,4,1,5,1,"MovementAllowance",4.5,194500,12100,38900
2262,-1,-1,4,1,6,1,"MovementAllowance",6,583500,36400,116700
2263,-1,-1,4,1,1,2,"WeaponDamage",45,500,100,100
2264,-1,-1,4,1,2,2,"WeaponDamage",45,12500,400,2500
2265,-1,-1,4,1,3,2,"WeaponDamage",90,30000,1300,6000
2266,-1,-1,4,1,4,2,"WeaponDamage",120,73500,4000,14700
2267,-1,-1,4,1,5,2,"WeaponDamage",180,194500,12100,38900
2268,-1,-1,4,1,6,2,"WeaponDamage",180,583500,36400,116700
2269,-1,-1,4,1,1,2,"WeaponCritDamageMultiplier",1.2,500,100,100
2270,-1,-1,4,1,2,2,"WeaponCritDamageMultiplier",1.575,12500,400,2500
2271,-1,-1,4,1,3,2,"WeaponCritDamageMultiplier",1.725,30000,1300,6000
2272,-1,-1,4,1,4,2,"WeaponCritDamageMultiplier",3,73500,4000,14700
2273,-1,-1,4,1,5,2,"WeaponCritDamageMultiplier",3,194500,12100,38900
2274,-1,-1,4,1,6,2,"WeaponCritDamageMultiplier",3,583500,36400,116700
2275,-1,-1,4,1,1,2,"WeaponMagazineSize",3,500,100,100
2276,-1,-1,4,1,2,2,"WeaponMagazineSize",3,12500,400,2500
2277,-1,-1,4,1,3,2,"WeaponMagazineSize",3,30000,1300,6000
2278,-1,-1,4,1,4,2,"WeaponMagazineSize",3,73500,4000,14700
2279,-1,-1,4,1,5,2,"WeaponMagazineSize",6,194500,12100,38900
2280,-1,-1,4,1,6,2,"WeaponMagazineSize",6,583500,36400,116700
2281,-1,-1,4,1,1,2,"MovementAllowance",1.5,500,100,100
2282,-1,-1,4,1,2,2,"MovementAllowance",1.5,12500,400,2500
2283,-1,-1,4,1,3,2,"MovementAllowance",3,30000,1300,6000
2284,-1,-1,4,1,4,2,"MovementAllowance",3,73500,4000,14700
2285,-1,-1,4,1,5,2,"MovementAllowance",4.5,194500,12100,38900
2286,-1,-1,4,1,6,2,"MovementAllowance",6,583500,36400,116700
2287,-1,-1,4,2,1,0,"WeaponAccuracy",.15,500,100,100
2288,-1,-1,4,2,2,0,"WeaponAccuracy",.15,12500,400,2500
2289,-1,-1,4,2,3,0,"WeaponAccuracy",.21,30000,1300,6000
2290,-1,-1,4,2,4,0,"WeaponAccuracy",.3,73500,4000,14700
2291,-1,-1,4,2,5,0,"WeaponAccuracy",.45,194500,12100,38900
2292,-1,-1,4,2,6,0,"WeaponAccuracy",.45,583500,36400,116700
2293,-1,-1,4,2,1,0,"WeaponCritChance",15,500,100,100
2294,-1,-1,4,2,2,0,"WeaponCritChance",15,12500,400,2500
2295,-1,-1,4,2,3,0,"WeaponCritChance",21,30000,1300,6000
2296,-1,-1,4,2,4,0,"WeaponCritChance",30,73500,4000,14700
2297,-1,-1,4,2,5,0,"WeaponCritChance",30,194500,12100,38900
2298,-1,-1,4,2,6,0,"WeaponCritChance",30,583500,36400,116700
2299,-1,-1,4,2,1,0,"WeaponCritDamageMultiplier",1.2,500,100,100
2300,-1,-1,4,2,2,0,"WeaponCritDamageMultiplier",1.575,12500,400,2500
2301,-1,-1,4,2,3,0,"WeaponCritDamageMultiplier",1.725,30000,1300,6000
2302,-1,-1,4,2,4,0,"WeaponCritDamageMultiplier",3,73500,4000,14700
2303,-1,-1,4,2,5,0,"WeaponCritDamageMultiplier",3,194500,12100,38900
2304,-1,-1,4,2,6,0,"WeaponCritDamageMultiplier",3,583500,36400,116700
2305,-1,-1,4,2,1,0,"WeaponMagazineSize",3,500,100,100
2306,-1,-1,4,2,2,0,"WeaponMagazineSize",3,12500,400,2500
2307,-1,-1,4,2,3,0,"WeaponMagazineSize",3,30000,1300,6000
2308,-1,-1,4,2,4,0,"WeaponMagazineSize",3,73500,4000,14700
2309,-1,-1,4,2,5,0,"WeaponMagazineSize",6,194500,12100,38900
2310,-1,-1,4,2,6,0,"WeaponMagazineSize",6,583500,36400,116700
2311,-1,-1,4,2,1,0,"MovementAllowance",1.5,500,100,100
2312,-1,-1,4,2,2,0,"MovementAllowance",1.5,12500,400,2500
2313,-1,-1,4,2,3,0,"MovementAllowance",3,30000,1300,6000
2314,-1,-1,4,2,4,0,"MovementAllowance",3,73500,4000,14700
2315,-1,-1,4,2,5,0,"MovementAllowance",4.5,194500,12100,38900
2316,-1,-1,4,2,6,0,"MovementAllowance",6,583500,36400,116700
2317,-1,-1,4,2,1,1,"WeaponAccuracy",.15,500,100,100
2318,-1,-1,4,2,2,1,"WeaponAccuracy",.15,12500,400,2500
2319,-1,-1,4,2,3,1,"WeaponAccuracy",.21,30000,1300,6000
2320,-1,-1,4,2,4,1,"WeaponAccuracy",.3,73500,4000,14700
2321,-1,-1,4,2,5,1,"WeaponAccuracy",.45,194500,12100,38900
2322,-1,-1,4,2,6,1,"WeaponAccuracy",.45,583500,36400,116700
2323,-1,-1,4,2,1,1,"WeaponCritChance",15,500,100,100
2324,-1,-1,4,2,2,1,"WeaponCritChance",15,12500,400,2500
2325,-1,-1,4,2,3,1,"WeaponCritChance",21,30000,1300,6000
2326,-1,-1,4,2,4,1,"WeaponCritChance",30,73500,4000,14700
2327,-1,-1,4,2,5,1,"WeaponCritChance",30,194500,12100,38900
2328,-1,-1,4,2,6,1,"WeaponCritChance",30,583500,36400,116700
2329,-1,-1,4,2,1,1,"WeaponCritDamageMultiplier",1.2,500,100,100
2330,-1,-1,4,2,2,1,"WeaponCritDamageMultiplier",1.575,12500,400,2500
2331,-1,-1,4,2,3,1,"WeaponCritDamageMultiplier",1.725,30000,1300,6000
2332,-1,-1,4,2,4,1,"WeaponCritDamageMultiplier",3,73500,4000,14700
2333,-1,-1,4,2,5,1,"WeaponCritDamageMultiplier",3,194500,12100,38900
2334,-1,-1,4,2,6,1,"WeaponCritDamageMultiplier",3,583500,36400,116700
2335,-1,-1,4,2,1,1,"WeaponMagazineSize",3,500,100,100
2336,-1,-1,4,2,2,1,"WeaponMagazineSize",3,12500,400,2500
2337,-1,-1,4,2,3,1,"WeaponMagazineSize",3,30000,1300,6000
2338,-1,-1,4,2,4,1,"WeaponMagazineSize",3,73500,4000,14700
2339,-1,-1,4,2,5,1,"WeaponMagazineSize",6,194500,12100,38900
2340,-1,-1,4,2,6,1,"WeaponMagazineSize",6,583500,36400,116700
2341,-1,-1,4,2,1,1,"MovementAllowance",1.5,500,100,100
2342,-1,-1,4,2,2,1,"MovementAllowance",1.5,12500,400,2500
2343,-1,-1,4,2,3,1,"MovementAllowance",3,30000,1300,6000
2344,-1,-1,4,2,4,1,"MovementAllowance",3,73500,4000,14700
2345,-1,-1,4,2,5,1,"MovementAllowance",4.5,194500,12100,38900
2346,-1,-1,4,2,6,1,"MovementAllowance",6,583500,36400,116700
2347,-1,-1,4,2,1,2,"WeaponAccuracy",.15,500,100,100
2348,-1,-1,4,2,2,2,"WeaponAccuracy",.15,12500,400,2500
2349,-1,-1,4,2,3,2,"WeaponAccuracy",.21,30000,1300,6000
2350,-1,-1,4,2,4,2,"WeaponAccuracy",.3,73500,4000,14700
2351,-1,-1,4,2,5,2,"WeaponAccuracy",.45,194500,12100,38900
2352,-1,-1,4,2,6,2,"WeaponAccuracy",.45,583500,36400,116700
2353,-1,-1,4,2,1,2,"WeaponCritChance",15,500,100,100
2354,-1,-1,4,2,2,2,"WeaponCritChance",15,12500,400,2500
2355,-1,-1,4,2,3,2,"WeaponCritChance",21,30000,1300,6000
2356,-1,-1,4,2,4,2,"WeaponCritChance",30,73500,4000,14700
2357,-1,-1,4,2,5,2,"WeaponCritChance",30,194500,12100,38900
2358,-1,-1,4,2,6,2,"WeaponCritChance",30,583500,36400,116700
2359,-1,-1,4,2,1,2,"WeaponMagazineSize",3,500,100,100
2360,-1,-1,4,2,2,2,"WeaponMagazineSize",3,12500,400,2500
2361,-1,-1,4,2,3,2,"WeaponMagazineSize",3,30000,1300,6000
2362,-1,-1,4,2,4,2,"WeaponMagazineSize",3,73500,4000,14700
2363,-1,-1,4,2,5,2,"WeaponMagazineSize",6,194500,12100,38900
2364,-1,-1,4,2,6,2,"WeaponMagazineSize",6,583500,36400,116700
2365,-1,-1,4,2,1,2,"MovementAllowance",1.5,500,100,100
2366,-1,-1,4,2,2,2,"MovementAllowance",1.5,12500,400,2500
2367,-1,-1,4,2,3,2,"MovementAllowance",3,30000,1300,6000
2368,-1,-1,4,2,4,2,"MovementAllowance",3,73500,4000,14700
2369,-1,-1,4,2,5,2,"MovementAllowance",4.5,194500,12100,38900
2370,-1,-1,4,2,6,2,"MovementAllowance",6,583500,36400,116700
2371,-1,-1,4,3,1,0,"WeaponAccuracy",.15,500,100,100
2372,-1,-1,4,3,2,0,"WeaponAccuracy",.15,12500,400,2500
2373,-1,-1,4,3,3,0,"WeaponAccuracy",.21,30000,1300,6000
2374,-1,-1,4,3,4,0,"WeaponAccuracy",.3,73500,4000,14700
2375,-1,-1,4,3,5,0,"WeaponAccuracy",.45,194500,12100,38900
2376,-1,-1,4,3,6,0,"WeaponAccuracy",.45,583500,36400,116700
2377,-1,-1,4,3,1,0,"WeaponCritChance",15,500,100,100
2378,-1,-1,4,3,2,0,"WeaponCritChance",15,12500,400,2500
2379,-1,-1,4,3,3,0,"WeaponCritChance",21,30000,1300,6000
2380,-1,-1,4,3,4,0,"WeaponCritChance",30,73500,4000,14700
2381,-1,-1,4,3,5,0,"WeaponCritChance",30,194500,12100,38900
2382,-1,-1,4,3,6,0,"WeaponCritChance",30,583500,36400,116700
2383,-1,-1,4,3,1,0,"WeaponCritDamageMultiplier",1.2,500,100,100
2384,-1,-1,4,3,2,0,"WeaponCritDamageMultiplier",1.575,12500,400,2500
2385,-1,-1,4,3,3,0,"WeaponCritDamageMultiplier",1.725,30000,1300,6000
2386,-1,-1,4,3,4,0,"WeaponCritDamageMultiplier",3,73500,4000,14700
2387,-1,-1,4,3,5,0,"WeaponCritDamageMultiplier",3,194500,12100,38900
2388,-1,-1,4,3,6,0,"WeaponCritDamageMultiplier",3,583500,36400,116700
2389,-1,-1,4,3,1,0,"MovementAllowance",1.5,500,100,100
2390,-1,-1,4,3,2,0,"MovementAllowance",1.5,12500,400,2500
2391,-1,-1,4,3,3,0,"MovementAllowance",3,30000,1300,6000
2392,-1,-1,4,3,4,0,"MovementAllowance",3,73500,4000,14700
2393,-1,-1,4,3,5,0,"MovementAllowance",4.5,194500,12100,38900
2394,-1,-1,4,3,6,0,"MovementAllowance",6,583500,36400,116700
2395,-1,-1,4,3,1,1,"WeaponDamage",45,500,100,100
2396,-1,-1,4,3,2,1,"WeaponDamage",45,12500,400,2500
2397,-1,-1,4,3,3,1,"WeaponDamage",90,30000,1300,6000
2398,-1,-1,4,3,4,1,"WeaponDamage",120,73500,4000,14700
2399,-1,-1,4,3,5,1,"WeaponDamage",180,194500,12100,38900
2400,-1,-1,4,3,6,1,"WeaponDamage",180,583500,36400,116700
2401,-1,-1,4,3,1,1,"WeaponAccuracy",.15,500,100,100
2402,-1,-1,4,3,2,1,"WeaponAccuracy",.15,12500,400,2500
2403,-1,-1,4,3,3,1,"WeaponAccuracy",.21,30000,1300,6000
2404,-1,-1,4,3,4,1,"WeaponAccuracy",.3,73500,4000,14700
2405,-1,-1,4,3,5,1,"WeaponAccuracy",.45,194500,12100,38900
2406,-1,-1,4,3,6,1,"WeaponAccuracy",.45,583500,36400,116700
2407,-1,-1,4,3,1,1,"WeaponCritDamageMultiplier",1.2,500,100,100
2408,-1,-1,4,3,2,1,"WeaponCritDamageMultiplier",1.575,12500,400,2500
2409,-1,-1,4,3,3,1,"WeaponCritDamageMultiplier",1.725,30000,1300,6000
2410,-1,-1,4,3,4,1,"WeaponCritDamageMultiplier",3,73500,4000,14700
2411,-1,-1,4,3,5,1,"WeaponCritDamageMultiplier",3,194500,12100,38900
2412,-1,-1,4,3,6,1,"WeaponCritDamageMultiplier",3,583500,36400,116700
2413,-1,-1,4,3,1,1,"WeaponMagazineSize",3,500,100,100
2414,-1,-1,4,3,2,1,"WeaponMagazineSize",3,12500,400,2500
2415,-1,-1,4,3,3,1,"WeaponMagazineSize",3,30000,1300,6000
2416,-1,-1,4,3,4,1,"WeaponMagazineSize",3,73500,4000,14700
2417,-1,-1,4,3,5,1,"WeaponMagazineSize",6,194500,12100,38900
2418,-1,-1,4,3,6,1,"WeaponMagazineSize",6,583500,36400,116700
2419,-1,-1,4,3,1,1,"MovementAllowance",1.5,500,100,100
2420,-1,-1,4,3,2,1,"MovementAllowance",1.5,12500,400,2500
2421,-1,-1,4,3,3,1,"MovementAllowance",3,30000,1300,6000
2422,-1,-1,4,3,4,1,"MovementAllowance",3,73500,4000,14700
2423,-1,-1,4,3,5,1,"MovementAllowance",4.5,194500,12100,38900
2424,-1,-1,4,3,6,1,"MovementAllowance",6,583500,36400,116700
2425,-1,-1,4,3,1,2,"WeaponDamage",45,500,100,100
2426,-1,-1,4,3,2,2,"WeaponDamage",45,12500,400,2500
2427,-1,-1,4,3,3,2,"WeaponDamage",90,30000,1300,6000
2428,-1,-1,4,3,4,2,"WeaponDamage",120,73500,4000,14700
2429,-1,-1,4,3,5,2,"WeaponDamage",180,194500,12100,38900
2430,-1,-1,4,3,6,2,"WeaponDamage",180,583500,36400,116700
2431,-1,-1,4,3,1,2,"WeaponAccuracy",.15,500,100,100
2432,-1,-1,4,3,2,2,"WeaponAccuracy",.15,12500,400,2500
2433,-1,-1,4,3,3,2,"WeaponAccuracy",.21,30000,1300,6000
2434,-1,-1,4,3,4,2,"WeaponAccuracy",.3,73500,4000,14700
2435,-1,-1,4,3,5,2,"WeaponAccuracy",.45,194500,12100,38900
2436,-1,-1,4,3,6,2,"WeaponAccuracy",.45,583500,36400,116700
2437,-1,-1,4,3,1,2,"WeaponMagazineSize",3,500,100,100
2438,-1,-1,4,3,2,2,"WeaponMagazineSize",3,12500,400,2500
2439,-1,-1,4,3,3,2,"WeaponMagazineSize",3,30000,1300,6000
2440,-1,-1,4,3,4,2,"WeaponMagazineSize",3,73500,4000,14700
2441,-1,-1,4,3,5,2,"WeaponMagazineSize",6,194500,12100,38900
2442,-1,-1,4,3,6,2,"WeaponMagazineSize",6,583500,36400,116700
2443,-1,-1,4,3,1,2,"MovementAllowance",1.5,500,100,100
2444,-1,-1,4,3,2,2,"MovementAllowance",1.5,12500,400,2500
2445,-1,-1,4,3,3,2,"MovementAllowance",3,30000,1300,6000
2446,-1,-1,4,3,4,2,"MovementAllowance",3,73500,4000,14700
2447,-1,-1,4,3,5,2,"MovementAllowance",4.5,194500,12100,38900
2448,-1,-1,4,3,6,2,"MovementAllowance",6,583500,36400,116700
2449,-1,-1,8,0,1,0,"WeaponAccuracy",.15,500,100,100
2450,-1,-1,8,0,2,0,"WeaponAccuracy",.15,12500,400,2500
2451,-1,-1,8,0,3,0,"WeaponAccuracy",.21,30000,1300,6000
2452,-1,-1,8,0,4,0,"WeaponAccuracy",.3,73500,4000,14700
2453,-1,-1,8,0,5,0,"WeaponAccuracy",.45,194500,12100,38900
2454,-1,-1,8,0,6,0,"WeaponAccuracy",.45,583500,36400,116700
2455,-1,-1,8,0,1,0,"WeaponCritChance",15,500,100,100
2456,-1,-1,8,0,2,0,"WeaponCritChance",15,12500,400,2500
2457,-1,-1,8,0,3,0,"WeaponCritChance",21,30000,1300,6000
2458,-1,-1,8,0,4,0,"WeaponCritChance",30,73500,4000,14700
2459,-1,-1,8,0,5,0,"WeaponCritChance",30,194500,12100,38900
2460,-1,-1,8,0,6,0,"WeaponCritChance",30,583500,36400,116700
2461,-1,-1,8,0,1,0,"WeaponCritDamageMultiplier",1.2,500,100,100
2462,-1,-1,8,0,2,0,"WeaponCritDamageMultiplier",1.575,12500,400,2500
2463,-1,-1,8,0,3,0,"WeaponCritDamageMultiplier",1.725,30000,1300,6000
2464,-1,-1,8,0,4,0,"WeaponCritDamageMultiplier",3,73500,4000,14700
2465,-1,-1,8,0,5,0,"WeaponCritDamageMultiplier",3,194500,12100,38900
2466,-1,-1,8,0,6,0,"WeaponCritDamageMultiplier",3,583500,36400,116700
2467,-1,-1,8,0,1,0,"WeaponMagazineSize",3,500,100,100
2468,-1,-1,8,0,2,0,"WeaponMagazineSize",3,12500,400,2500
2469,-1,-1,8,0,3,0,"WeaponMagazineSize",3,30000,1300,6000
2470,-1,-1,8,0,4,0,"WeaponMagazineSize",3,73500,4000,14700
2471,-1,-1,8,0,5,0,"WeaponMagazineSize",6,194500,12100,38900
2472,-1,-1,8,0,6,0,"WeaponMagazineSize",6,583500,36400,116700
2473,-1,-1,8,0,1,0,"MovementAllowance",1.5,500,100,100
2474,-1,-1,8,0,2,0,"MovementAllowance",1.5,12500,400,2500
2475,-1,-1,8,0,3,0,"MovementAllowance",3,30000,1300,6000
2476,-1,-1,8,0,4,0,"MovementAllowance",3,73500,4000,14700
2477,-1,-1,8,0,5,0,"MovementAllowance",4.5,194500,12100,38900
2478,-1,-1,8,0,6,0,"MovementAllowance",6,583500,36400,116700
2479,-1,-1,8,0,1,1,"WeaponAccuracy",.15,500,100,100
2480,-1,-1,8,0,2,1,"WeaponAccuracy",.15,12500,400,2500
2481,-1,-1,8,0,3,1,"WeaponAccuracy",.21,30000,1300,6000
2482,-1,-1,8,0,4,1,"WeaponAccuracy",.3,73500,4000,14700
2483,-1,-1,8,0,5,1,"WeaponAccuracy",.45,194500,12100,38900
2484,-1,-1,8,0,6,1,"WeaponAccuracy",.45,583500,36400,116700
2485,-1,-1,8,0,1,1,"WeaponCritChance",15,500,100,100
2486,-1,-1,8,0,2,1,"WeaponCritChance",15,12500,400,2500
2487,-1,-1,8,0,3,1,"WeaponCritChance",21,30000,1300,6000
2488,-1,-1,8,0,4,1,"WeaponCritChance",30,73500,4000,14700
2489,-1,-1,8,0,5,1,"WeaponCritChance",30,194500,12100,38900
2490,-1,-1,8,0,6,1,"WeaponCritChance",30,583500,36400,116700
2491,-1,-1,8,0,1,1,"WeaponCritDamageMultiplier",1.2,500,100,100
2492,-1,-1,8,0,2,1,"WeaponCritDamageMultiplier",1.575,12500,400,2500
2493,-1,-1,8,0,3,1,"WeaponCritDamageMultiplier",1.725,30000,1300,6000
2494,-1,-1,8,0,4,1,"WeaponCritDamageMultiplier",3,73500,4000,14700
2495,-1,-1,8,0,5,1,"WeaponCritDamageMultiplier",3,194500,12100,38900
2496,-1,-1,8,0,6,1,"WeaponCritDamageMultiplier",3,583500,36400,116700
2497,-1,-1,8,0,1,1,"WeaponMagazineSize",3,500,100,100
2498,-1,-1,8,0,2,1,"WeaponMagazineSize",3,12500,400,2500
2499,-1,-1,8,0,3,1,"WeaponMagazineSize",3,30000,1300,6000
2500,-1,-1,8,0,4,1,"WeaponMagazineSize",3,73500,4000,14700
2501,-1,-1,8,0,5,1,"WeaponMagazineSize",6,194500,12100,38900
2502,-1,-1,8,0,6,1,"WeaponMagazineSize",6,583500,36400,116700
2503,-1,-1,8,0,1,1,"MovementAllowance",1.5,500,100,100
2504,-1,-1,8,0,2,1,"MovementAllowance",1.5,12500,400,2500
2505,-1,-1,8,0,3,1,"MovementAllowance",3,30000,1300,6000
2506,-1,-1,8,0,4,1,"MovementAllowance",3,73500,4000,14700
2507,-1,-1,8,0,5,1,"MovementAllowance",4.5,194500,12100,38900
2508,-1,-1,8,0,6,1,"MovementAllowance",6,583500,36400,116700
2509,-1,-1,8,0,1,2,"WeaponAccuracy",.15,500,100,100
2510,-1,-1,8,0,2,2,"WeaponAccuracy",.15,12500,400,2500
2511,-1,-1,8,0,3,2,"WeaponAccuracy",.21,30000,1300,6000
2512,-1,-1,8,0,4,2,"WeaponAccuracy",.3,73500,4000,14700
2513,-1,-1,8,0,5,2,"WeaponAccuracy",.45,194500,12100,38900
2514,-1,-1,8,0,6,2,"WeaponAccuracy",.45,583500,36400,116700
2515,-1,-1,8,0,1,2,"WeaponCritDamageMultiplier",1.2,500,100,100
2516,-1,-1,8,0,2,2,"WeaponCritDamageMultiplier",1.575,12500,400,2500
2517,-1,-1,8,0,3,2,"WeaponCritDamageMultiplier",1.725,30000,1300,6000
2518,-1,-1,8,0,4,2,"WeaponCritDamageMultiplier",3,73500,4000,14700
2519,-1,-1,8,0,5,2,"WeaponCritDamageMultiplier",3,194500,12100,38900
2520,-1,-1,8,0,6,2,"WeaponCritDamageMultiplier",3,583500,36400,116700
2521,-1,-1,8,0,1,2,"WeaponMagazineSize",3,500,100,100
2522,-1,-1,8,0,2,2,"WeaponMagazineSize",3,12500,400,2500
2523,-1,-1,8,0,3,2,"WeaponMagazineSize",3,30000,1300,6000
2524,-1,-1,8,0,4,2,"WeaponMagazineSize",3,73500,4000,14700
2525,-1,-1,8,0,5,2,"WeaponMagazineSize",6,194500,12100,38900
2526,-1,-1,8,0,6,2,"WeaponMagazineSize",6,583500,36400,116700
2527,-1,-1,8,0,1,2,"MovementAllowance",1.5,500,100,100
2528,-1,-1,8,0,2,2,"MovementAllowance",1.5,12500,400,2500
2529,-1,-1,8,0,3,2,"MovementAllowance",3,30000,1300,6000
2530,-1,-1,8,0,4,2,"MovementAllowance",3,73500,4000,14700
2531,-1,-1,8,0,5,2,"MovementAllowance",4.5,194500,12100,38900
2532,-1,-1,8,0,6,2,"MovementAllowance",6,583500,36400,116700
2533,-1,-1,8,1,1,0,"WeaponDamage",45,500,100,100
2534,-1,-1,8,1,2,0,"WeaponDamage",45,12500,400,2500
2535,-1,-1,8,1,3,0,"WeaponDamage",90,30000,1300,6000
2536,-1,-1,8,1,4,0,"WeaponDamage",120,73500,4000,14700
2537,-1,-1,8,1,5,0,"WeaponDamage",180,194500,12100,38900
2538,-1,-1,8,1,6,0,"WeaponDamage",180,583500,36400,116700
2539,-1,-1,8,1,1,0,"WeaponAccuracy",.15,500,100,100
2540,-1,-1,8,1,2,0,"WeaponAccuracy",.15,12500,400,2500
2541,-1,-1,8,1,3,0,"WeaponAccuracy",.21,30000,1300,6000
2542,-1,-1,8,1,4,0,"WeaponAccuracy",.3,73500,4000,14700
2543,-1,-1,8,1,5,0,"WeaponAccuracy",.45,194500,12100,38900
2544,-1,-1,8,1,6,0,"WeaponAccuracy",.45,583500,36400,116700
2545,-1,-1,8,1,1,0,"WeaponCritChance",15,500,100,100
2546,-1,-1,8,1,2,0,"WeaponCritChance",15,12500,400,2500
2547,-1,-1,8,1,3,0,"WeaponCritChance",21,30000,1300,6000
2548,-1,-1,8,1,4,0,"WeaponCritChance",30,73500,4000,14700
2549,-1,-1,8,1,5,0,"WeaponCritChance",30,194500,12100,38900
2550,-1,-1,8,1,6,0,"WeaponCritChance",30,583500,36400,116700
2551,-1,-1,8,1,1,0,"WeaponMagazineSize",3,500,100,100
2552,-1,-1,8,1,2,0,"WeaponMagazineSize",3,12500,400,2500
2553,-1,-1,8,1,3,0,"WeaponMagazineSize",3,30000,1300,6000
2554,-1,-1,8,1,4,0,"WeaponMagazineSize",3,73500,4000,14700
2555,-1,-1,8,1,5,0,"WeaponMagazineSize",6,194500,12100,38900
2556,-1,-1,8,1,6,0,"WeaponMagazineSize",6,583500,36400,116700
2557,-1,-1,8,1,1,1,"WeaponDamage",45,500,100,100
2558,-1,-1,8,1,2,1,"WeaponDamage",45,12500,400,2500
2559,-1,-1,8,1,3,1,"WeaponDamage",90,30000,1300,6000
2560,-1,-1,8,1,4,1,"WeaponDamage",120,73500,4000,14700
2561,-1,-1,8,1,5,1,"WeaponDamage",180,194500,12100,38900
2562,-1,-1,8,1,6,1,"WeaponDamage",180,583500,36400,116700
2563,-1,-1,8,1,1,1,"WeaponCritChance",15,500,100,100
2564,-1,-1,8,1,2,1,"WeaponCritChance",15,12500,400,2500
2565,-1,-1,8,1,3,1,"WeaponCritChance",21,30000,1300,6000
2566,-1,-1,8,1,4,1,"WeaponCritChance",30,73500,4000,14700
2567,-1,-1,8,1,5,1,"WeaponCritChance",30,194500,12100,38900
2568,-1,-1,8,1,6,1,"WeaponCritChance",30,583500,36400,116700
2569,-1,-1,8,1,1,1,"WeaponCritDamageMultiplier",1.2,500,100,100
2570,-1,-1,8,1,2,1,"WeaponCritDamageMultiplier",1.575,12500,400,2500
2571,-1,-1,8,1,3,1,"WeaponCritDamageMultiplier",1.725,30000,1300,6000
2572,-1,-1,8,1,4,1,"WeaponCritDamageMultiplier",3,73500,4000,14700
2573,-1,-1,8,1,5,1,"WeaponCritDamageMultiplier",3,194500,12100,38900
2574,-1,-1,8,1,6,1,"WeaponCritDamageMultiplier",3,583500,36400,116700
2575,-1,-1,8,1,1,1,"WeaponMagazineSize",3,500,100,100
2576,-1,-1,8,1,2,1,"WeaponMagazineSize",3,12500,400,2500
2577,-1,-1,8,1,3,1,"WeaponMagazineSize",3,30000,1300,6000
2578,-1,-1,8,1,4,1,"WeaponMagazineSize",3,73500,4000,14700
2579,-1,-1,8,1,5,1,"WeaponMagazineSize",6,194500,12100,38900
2580,-1,-1,8,1,6,1,"WeaponMagazineSize",6,583500,36400,116700
2581,-1,-1,8,1,1,1,"MovementAllowance",1.5,500,100,100
2582,-1,-1,8,1,2,1,"MovementAllowance",1.5,12500,400,2500
2583,-1,-1,8,1,3,1,"MovementAllowance",3,30000,1300,6000
2584,-1,-1,8,1,4,1,"MovementAllowance",3,73500,4000,14700
2585,-1,-1,8,1,5,1,"MovementAllowance",4.5,194500,12100,38900
2586,-1,-1,8,1,6,1,"MovementAllowance",6,583500,36400,116700
2587,-1,-1,8,1,1,2,"WeaponDamage",45,500,100,100
2588,-1,-1,8,1,2,2,"WeaponDamage",45,12500,400,2500
2589,-1,-1,8,1,3,2,"WeaponDamage",90,30000,1300,6000
2590,-1,-1,8,1,4,2,"WeaponDamage",120,73500,4000,14700
2591,-1,-1,8,1,5,2,"WeaponDamage",180,194500,12100,38900
2592,-1,-1,8,1,6,2,"WeaponDamage",180,583500,36400,116700
2593,-1,-1,8,1,1,2,"WeaponCritChance",15,500,100,100
2594,-1,-1,8,1,2,2,"WeaponCritChance",15,12500,400,2500
2595,-1,-1,8,1,3,2,"WeaponCritChance",21,30000,1300,6000
2596,-1,-1,8,1,4,2,"WeaponCritChance",30,73500,4000,14700
2597,-1,-1,8,1,5,2,"WeaponCritChance",30,194500,12100,38900
2598,-1,-1,8,1,6,2,"WeaponCritChance",30,583500,36400,116700
2599,-1,-1,8,1,1,2,"WeaponCritDamageMultiplier",1.2,500,100,100
2600,-1,-1,8,1,2,2,"WeaponCritDamageMultiplier",1.575,12500,400,2500
2601,-1,-1,8,1,3,2,"WeaponCritDamageMultiplier",1.725,30000,1300,6000
2602,-1,-1,8,1,4,2,"WeaponCritDamageMultiplier",3,73500,4000,14700
2603,-1,-1,8,1,5,2,"WeaponCritDamageMultiplier",3,194500,12100,38900
2604,-1,-1,8,1,6,2,"WeaponCritDamageMultiplier",3,583500,36400,116700
2605,-1,-1,8,1,1,2,"WeaponMagazineSize",3,500,100,100
2606,-1,-1,8,1,2,2,"WeaponMagazineSize",3,12500,400,2500
2607,-1,-1,8,1,3,2,"WeaponMagazineSize",3,30000,1300,6000
2608,-1,-1,8,1,4,2,"WeaponMagazineSize",3,73500,4000,14700
2609,-1,-1,8,1,5,2,"WeaponMagazineSize",6,194500,12100,38900
2610,-1,-1,8,1,6,2,"WeaponMagazineSize",6,583500,36400,116700
2611,-1,-1,8,1,1,2,"MovementAllowance",1.5,500,100,100
2612,-1,-1,8,1,2,2,"MovementAllowance",1.5,12500,400,2500
2613,-1,-1,8,1,3,2,"MovementAllowance",3,30000,1300,6000
2614,-1,-1,8,1,4,2,"MovementAllowance",3,73500,4000,14700
2615,-1,-1,8,1,5,2,"MovementAllowance",4.5,194500,12100,38900
2616,-1,-1,8,1,6,2,"MovementAllowance",6,583500,36400,116700
2617,-1,-1,8,2,1,0,"WeaponAccuracy",.15,500,100,100
2618,-1,-1,8,2,2,0,"WeaponAccuracy",.15,12500,400,2500
2619,-1,-1,8,2,3,0,"WeaponAccuracy",.21,30000,1300,6000
2620,-1,-1,8,2,4,0,"WeaponAccuracy",.3,73500,4000,14700
2621,-1,-1,8,2,5,0,"WeaponAccuracy",.45,194500,12100,38900
2622,-1,-1,8,2,6,0,"WeaponAccuracy",.45,583500,36400,116700
2623,-1,-1,8,2,1,0,"WeaponCritChance",15,500,100,100
2624,-1,-1,8,2,2,0,"WeaponCritChance",15,12500,400,2500
2625,-1,-1,8,2,3,0,"WeaponCritChance",21,30000,1300,6000
2626,-1,-1,8,2,4,0,"WeaponCritChance",30,73500,4000,14700
2627,-1,-1,8,2,5,0,"WeaponCritChance",30,194500,12100,38900
2628,-1,-1,8,2,6,0,"WeaponCritChance",30,583500,36400,116700
2629,-1,-1,8,2,1,0,"WeaponCritDamageMultiplier",1.2,500,100,100
2630,-1,-1,8,2,2,0,"WeaponCritDamageMultiplier",1.575,12500,400,2500
2631,-1,-1,8,2,3,0,"WeaponCritDamageMultiplier",1.725,30000,1300,6000
2632,-1,-1,8,2,4,0,"WeaponCritDamageMultiplier",3,73500,4000,14700
2633,-1,-1,8,2,5,0,"WeaponCritDamageMultiplier",3,194500,12100,38900
2634,-1,-1,8,2,6,0,"WeaponCritDamageMultiplier",3,583500,36400,116700
2635,-1,-1,8,2,1,0,"WeaponMagazineSize",3,500,100,100
2636,-1,-1,8,2,2,0,"WeaponMagazineSize",3,12500,400,2500
2637,-1,-1,8,2,3,0,"WeaponMagazineSize",3,30000,1300,6000
2638,-1,-1,8,2,4,0,"WeaponMagazineSize",3,73500,4000,14700
2639,-1,-1,8,2,5,0,"WeaponMagazineSize",6,194500,12100,38900
2640,-1,-1,8,2,6,0,"WeaponMagazineSize",6,583500,36400,116700
2641,-1,-1,8,2,1,0,"MovementAllowance",1.5,500,100,100
2642,-1,-1,8,2,2,0,"MovementAllowance",1.5,12500,400,2500
2643,-1,-1,8,2,3,0,"MovementAllowance",3,30000,1300,6000
2644,-1,-1,8,2,4,0,"MovementAllowance",3,73500,4000,14700
2645,-1,-1,8,2,5,0,"MovementAllowance",4.5,194500,12100,38900
2646,-1,-1,8,2,6,0,"MovementAllowance",6,583500,36400,116700
2647,-1,-1,8,2,1,1,"WeaponAccuracy",.15,500,100,100
2648,-1,-1,8,2,2,1,"WeaponAccuracy",.15,12500,400,2500
2649,-1,-1,8,2,3,1,"WeaponAccuracy",.21,30000,1300,6000
2650,-1,-1,8,2,4,1,"WeaponAccuracy",.3,73500,4000,14700
2651,-1,-1,8,2,5,1,"WeaponAccuracy",.45,194500,12100,38900
2652,-1,-1,8,2,6,1,"WeaponAccuracy",.45,583500,36400,116700
2653,-1,-1,8,2,1,1,"WeaponCritChance",15,500,100,100
2654,-1,-1,8,2,2,1,"WeaponCritChance",15,12500,400,2500
2655,-1,-1,8,2,3,1,"WeaponCritChance",21,30000,1300,6000
2656,-1,-1,8,2,4,1,"WeaponCritChance",30,73500,4000,14700
2657,-1,-1,8,2,5,1,"WeaponCritChance",30,194500,12100,38900
2658,-1,-1,8,2,6,1,"WeaponCritChance",30,583500,36400,116700
2659,-1,-1,8,2,1,1,"WeaponCritDamageMultiplier",1.2,500,100,100
2660,-1,-1,8,2,2,1,"WeaponCritDamageMultiplier",1.575,12500,400,2500
2661,-1,-1,8,2,3,1,"WeaponCritDamageMultiplier",1.725,30000,1300,6000
2662,-1,-1,8,2,4,1,"WeaponCritDamageMultiplier",3,73500,4000,14700
2663,-1,-1,8,2,5,1,"WeaponCritDamageMultiplier",3,194500,12100,38900
2664,-1,-1,8,2,6,1,"WeaponCritDamageMultiplier",3,583500,36400,116700
2665,-1,-1,8,2,1,1,"WeaponMagazineSize",3,500,100,100
2666,-1,-1,8,2,2,1,"WeaponMagazineSize",3,12500,400,2500
2667,-1,-1,8,2,3,1,"WeaponMagazineSize",3,30000,1300,6000
2668,-1,-1,8,2,4,1,"WeaponMagazineSize",3,73500,4000,14700
2669,-1,-1,8,2,5,1,"WeaponMagazineSize",6,194500,12100,38900
2670,-1,-1,8,2,6,1,"WeaponMagazineSize",6,583500,36400,116700
2671,-1,-1,8,2,1,1,"MovementAllowance",1.5,500,100,100
2672,-1,-1,8,2,2,1,"MovementAllowance",1.5,12500,400,2500
2673,-1,-1,8,2,3,1,"MovementAllowance",3,30000,1300,6000
2674,-1,-1,8,2,4,1,"MovementAllowance",3,73500,4000,14700
2675,-1,-1,8,2,5,1,"MovementAllowance",4.5,194500,12100,38900
2676,-1,-1,8,2,6,1,"MovementAllowance",6,583500,36400,116700
2677,-1,-1,8,2,1,2,"WeaponAccuracy",.15,500,100,100
2678,-1,-1,8,2,2,2,"WeaponAccuracy",.15,12500,400,2500
2679,-1,-1,8,2,3,2,"WeaponAccuracy",.21,30000,1300,6000
2680,-1,-1,8,2,4,2,"WeaponAccuracy",.3,73500,4000,14700
2681,-1,-1,8,2,5,2,"WeaponAccuracy",.45,194500,12100,38900
2682,-1,-1,8,2,6,2,"WeaponAccuracy",.45,583500,36400,116700
2683,-1,-1,8,2,1,2,"WeaponCritDamageMultiplier",1.2,500,100,100
2684,-1,-1,8,2,2,2,"WeaponCritDamageMultiplier",1.575,12500,400,2500
2685,-1,-1,8,2,3,2,"WeaponCritDamageMultiplier",1.725,30000,1300,6000
2686,-1,-1,8,2,4,2,"WeaponCritDamageMultiplier",3,73500,4000,14700
2687,-1,-1,8,2,5,2,"WeaponCritDamageMultiplier",3,194500,12100,38900
2688,-1,-1,8,2,6,2,"WeaponCritDamageMultiplier",3,583500,36400,116700
2689,-1,-1,8,2,1,2,"WeaponMagazineSize",3,500,100,100
2690,-1,-1,8,2,2,2,"WeaponMagazineSize",3,12500,400,2500
2691,-1,-1,8,2,3,2,"WeaponMagazineSize",3,30000,1300,6000
2692,-1,-1,8,2,4,2,"WeaponMagazineSize",3,73500,4000,14700
2693,-1,-1,8,2,5,2,"WeaponMagazineSize",6,194500,12100,38900
2694,-1,-1,8,2,6,2,"WeaponMagazineSize",6,583500,36400,116700
2695,-1,-1,8,2,1,2,"MovementAllowance",1.5,500,100,100
2696,-1,-1,8,2,2,2,"MovementAllowance",1.5,12500,400,2500
2697,-1,-1,8,2,3,2,"MovementAllowance",3,30000,1300,6000
2698,-1,-1,8,2,4,2,"MovementAllowance",3,73500,4000,14700
2699,-1,-1,8,2,5,2,"MovementAllowance",4.5,194500,12100,38900
2700,-1,-1,8,2,6,2,"MovementAllowance",6,583500,36400,116700
2701,-1,-1,8,3,1,0,"WeaponDamage",45,500,100,100
2702,-1,-1,8,3,2,0,"WeaponDamage",45,12500,400,2500
2703,-1,-1,8,3,3,0,"WeaponDamage",90,30000,1300,6000
2704,-1,-1,8,3,4,0,"WeaponDamage",120,73500,4000,14700
2705,-1,-1,8,3,5,0,"WeaponDamage",180,194500,12100,38900
2706,-1,-1,8,3,6,0,"WeaponDamage",180,583500,36400,116700
2707,-1,-1,8,3,1,0,"WeaponAccuracy",.15,500,100,100
2708,-1,-1,8,3,2,0,"WeaponAccuracy",.15,12500,400,2500
2709,-1,-1,8,3,3,0,"WeaponAccuracy",.21,30000,1300,6000
2710,-1,-1,8,3,4,0,"WeaponAccuracy",.3,73500,4000,14700
2711,-1,-1,8,3,5,0,"WeaponAccuracy",.45,194500,12100,38900
2712,-1,-1,8,3,6,0,"WeaponAccuracy",.45,583500,36400,116700
2713,-1,-1,8,3,1,0,"WeaponCritDamageMultiplier",1.2,500,100,100
2714,-1,-1,8,3,2,0,"WeaponCritDamageMultiplier",1.575,12500,400,2500
2715,-1,-1,8,3,3,0,"WeaponCritDamageMultiplier",1.725,30000,1300,6000
2716,-1,-1,8,3,4,0,"WeaponCritDamageMultiplier",3,73500,4000,14700
2717,-1,-1,8,3,5,0,"WeaponCritDamageMultiplier",3,194500,12100,38900
2718,-1,-1,8,3,6,0,"WeaponCritDamageMultiplier",3,583500,36400,116700
2719,-1,-1,8,3,1,0,"WeaponMagazineSize",3,500,100,100
2720,-1,-1,8,3,2,0,"WeaponMagazineSize",3,12500,400,2500
2721,-1,-1,8,3,3,0,"WeaponMagazineSize",3,30000,1300,6000
2722,-1,-1,8,3,4,0,"WeaponMagazineSize",3,73500,4000,14700
2723,-1,-1,8,3,5,0,"WeaponMagazineSize",6,194500,12100,38900
2724,-1,-1,8,3,6,0,"WeaponMagazineSize",6,583500,36400,116700
2725,-1,-1,8,3,1,0,"MovementAllowance",1.5,500,100,100
2726,-1,-1,8,3,2,0,"MovementAllowance",1.5,12500,400,2500
2727,-1,-1,8,3,3,0,"MovementAllowance",3,30000,1300,6000
2728,-1,-1,8,3,4,0,"MovementAllowance",3,73500,4000,14700
2729,-1,-1,8,3,5,0,"MovementAllowance",4.5,194500,12100,38900
2730,-1,-1,8,3,6,0,"MovementAllowance",6,583500,36400,116700
2731,-1,-1,8,3,1,1,"WeaponDamage",45,500,100,100
2732,-1,-1,8,3,2,1,"WeaponDamage",45,12500,400,2500
2733,-1,-1,8,3,3,1,"WeaponDamage",90,30000,1300,6000
2734,-1,-1,8,3,4,1,"WeaponDamage",120,73500,4000,14700
2735,-1,-1,8,3,5,1,"WeaponDamage",180,194500,12100,38900
2736,-1,-1,8,3,6,1,"WeaponDamage",180,583500,36400,116700
2737,-1,-1,8,3,1,1,"WeaponAccuracy",.15,500,100,100
2738,-1,-1,8,3,2,1,"WeaponAccuracy",.15,12500,400,2500
2739,-1,-1,8,3,3,1,"WeaponAccuracy",.21,30000,1300,6000
2740,-1,-1,8,3,4,1,"WeaponAccuracy",.3,73500,4000,14700
2741,-1,-1,8,3,5,1,"WeaponAccuracy",.45,194500,12100,38900
2742,-1,-1,8,3,6,1,"WeaponAccuracy",.45,583500,36400,116700
2743,-1,-1,8,3,1,1,"WeaponCritDamageMultiplier",1.2,500,100,100
2744,-1,-1,8,3,2,1,"WeaponCritDamageMultiplier",1.575,12500,400,2500
2745,-1,-1,8,3,3,1,"WeaponCritDamageMultiplier",1.725,30000,1300,6000
2746,-1,-1,8,3,4,1,"WeaponCritDamageMultiplier",3,73500,4000,14700
2747,-1,-1,8,3,5,1,"WeaponCritDamageMultiplier",3,194500,12100,38900
2748,-1,-1,8,3,6,1,"WeaponCritDamageMultiplier",3,583500,36400,116700
2749,-1,-1,8,3,1,1,"WeaponMagazineSize",3,500,100,100
2750,-1,-1,8,3,2,1,"WeaponMagazineSize",3,12500,400,2500
2751,-1,-1,8,3,3,1,"WeaponMagazineSize",3,30000,1300,6000
2752,-1,-1,8,3,4,1,"WeaponMagazineSize",3,73500,4000,14700
2753,-1,-1,8,3,5,1,"WeaponMagazineSize",6,194500,12100,38900
2754,-1,-1,8,3,6,1,"WeaponMagazineSize",6,583500,36400,116700
2755,-1,-1,8,3,1,1,"MovementAllowance",1.5,500,100,100
2756,-1,-1,8,3,2,1,"MovementAllowance",1.5,12500,400,2500
2757,-1,-1,8,3,3,1,"MovementAllowance",3,30000,1300,6000
2758,-1,-1,8,3,4,1,"MovementAllowance",3,73500,4000,14700
2759,-1,-1,8,3,5,1,"MovementAllowance",4.5,194500,12100,38900
2760,-1,-1,8,3,6,1,"MovementAllowance",6,583500,36400,116700
2761,-1,-1,8,3,1,2,"WeaponDamage",45,500,100,100
2762,-1,-1,8,3,2,2,"WeaponDamage",45,12500,400,2500
2763,-1,-1,8,3,3,2,"WeaponDamage",90,30000,1300,6000
2764,-1,-1,8,3,4,2,"WeaponDamage",120,73500,4000,14700
2765,-1,-1,8,3,5,2,"WeaponDamage",180,194500,12100,38900
2766,-1,-1,8,3,6,2,"WeaponDamage",180,583500,36400,116700
2767,-1,-1,8,3,1,2,"WeaponAccuracy",.15,500,100,100
2768,-1,-1,8,3,2,2,"WeaponAccuracy",.15,12500,400,2500
2769,-1,-1,8,3,3,2,"WeaponAccuracy",.21,30000,1300,6000
2770,-1,-1,8,3,4,2,"WeaponAccuracy",.3,73500,4000,14700
2771,-1,-1,8,3,5,2,"WeaponAccuracy",.45,194500,12100,38900
2772,-1,-1,8,3,6,2,"WeaponAccuracy",.45,583500,36400,116700
2773,-1,-1,8,3,1,2,"WeaponCritChance",15,500,100,100
2774,-1,-1,8,3,2,2,"WeaponCritChance",15,12500,400,2500
2775,-1,-1,8,3,3,2,"WeaponCritChance",21,30000,1300,6000
2776,-1,-1,8,3,4,2,"WeaponCritChance",30,73500,4000,14700
2777,-1,-1,8,3,5,2,"WeaponCritChance",30,194500,12100,38900
2778,-1,-1,8,3,6,2,"WeaponCritChance",30,583500,36400,116700
2779,-1,-1,8,3,1,2,"WeaponCritDamageMultiplier",1.2,500,100,100
2780,-1,-1,8,3,2,2,"WeaponCritDamageMultiplier",1.575,12500,400,2500
2781,-1,-1,8,3,3,2,"WeaponCritDamageMultiplier",1.725,30000,1300,6000
2782,-1,-1,8,3,4,2,"WeaponCritDamageMultiplier",3,73500,4000,14700
2783,-1,-1,8,3,5,2,"WeaponCritDamageMultiplier",3,194500,12100,38900
2784,-1,-1,8,3,6,2,"WeaponCritDamageMultiplier",3,583500,36400,116700
2785,-1,-1,8,3,1,2,"MovementAllowance",1.5,500,100,100
2786,-1,-1,8,3,2,2,"MovementAllowance",1.5,12500,400,2500
2787,-1,-1,8,3,3,2,"MovementAllowance",3,30000,1300,6000
2788,-1,-1,8,3,4,2,"MovementAllowance",3,73500,4000,14700
2789,-1,-1,8,3,5,2,"MovementAllowance",4.5,194500,12100,38900
2790,-1,-1,8,3,6,2,"MovementAllowance",6,583500,36400,116700
2791,-1,-1,16,0,1,0,"WeaponDamage",45,500,100,100
2792,-1,-1,16,0,2,0,"WeaponDamage",45,12500,400,2500
2793,-1,-1,16,0,3,0,"WeaponDamage",90,30000,1300,6000
2794,-1,-1,16,0,4,0,"WeaponDamage",120,73500,4000,14700
2795,-1,-1,16,0,5,0,"WeaponDamage",180,194500,12100,38900
2796,-1,-1,16,0,6,0,"WeaponDamage",180,583500,36400,116700
2797,-1,-1,16,0,1,0,"WeaponAccuracy",.15,500,100,100
2798,-1,-1,16,0,2,0,"WeaponAccuracy",.15,12500,400,2500
2799,-1,-1,16,0,3,0,"WeaponAccuracy",.21,30000,1300,6000
2800,-1,-1,16,0,4,0,"WeaponAccuracy",.3,73500,4000,14700
2801,-1,-1,16,0,5,0,"WeaponAccuracy",.45,194500,12100,38900
2802,-1,-1,16,0,6,0,"WeaponAccuracy",.45,583500,36400,116700
2803,-1,-1,16,0,1,0,"WeaponCritDamageMultiplier",1.2,500,100,100
2804,-1,-1,16,0,2,0,"WeaponCritDamageMultiplier",1.575,12500,400,2500
2805,-1,-1,16,0,3,0,"WeaponCritDamageMultiplier",1.725,30000,1300,6000
2806,-1,-1,16,0,4,0,"WeaponCritDamageMultiplier",3,73500,4000,14700
2807,-1,-1,16,0,5,0,"WeaponCritDamageMultiplier",3,194500,12100,38900
2808,-1,-1,16,0,6,0,"WeaponCritDamageMultiplier",3,583500,36400,116700
2809,-1,-1,16,0,1,0,"WeaponMagazineSize",3,500,100,100
2810,-1,-1,16,0,2,0,"WeaponMagazineSize",3,12500,400,2500
2811,-1,-1,16,0,3,0,"WeaponMagazineSize",3,30000,1300,6000
2812,-1,-1,16,0,4,0,"WeaponMagazineSize",3,73500,4000,14700
2813,-1,-1,16,0,5,0,"WeaponMagazineSize",6,194500,12100,38900
2814,-1,-1,16,0,6,0,"WeaponMagazineSize",6,583500,36400,116700
2815,-1,-1,16,0,1,0,"MovementAllowance",1.5,500,100,100
2816,-1,-1,16,0,2,0,"MovementAllowance",1.5,12500,400,2500
2817,-1,-1,16,0,3,0,"MovementAllowance",3,30000,1300,6000
2818,-1,-1,16,0,4,0,"MovementAllowance",3,73500,4000,14700
2819,-1,-1,16,0,5,0,"MovementAllowance",4.5,194500,12100,38900
2820,-1,-1,16,0,6,0,"MovementAllowance",6,583500,36400,116700
2821,-1,-1,16,0,1,1,"WeaponDamage",45,500,100,100
2822,-1,-1,16,0,2,1,"WeaponDamage",45,12500,400,2500
2823,-1,-1,16,0,3,1,"WeaponDamage",90,30000,1300,6000
2824,-1,-1,16,0,4,1,"WeaponDamage",120,73500,4000,14700
2825,-1,-1,16,0,5,1,"WeaponDamage",180,194500,12100,38900
2826,-1,-1,16,0,6,1,"WeaponDamage",180,583500,36400,116700
2827,-1,-1,16,0,1,1,"WeaponAccuracy",.15,500,100,100
2828,-1,-1,16,0,2,1,"WeaponAccuracy",.15,12500,400,2500
2829,-1,-1,16,0,3,1,"WeaponAccuracy",.21,30000,1300,6000
2830,-1,-1,16,0,4,1,"WeaponAccuracy",.3,73500,4000,14700
2831,-1,-1,16,0,5,1,"WeaponAccuracy",.45,194500,12100,38900
2832,-1,-1,16,0,6,1,"WeaponAccuracy",.45,583500,36400,116700
2833,-1,-1,16,0,1,1,"WeaponCritDamageMultiplier",1.2,500,100,100
2834,-1,-1,16,0,2,1,"WeaponCritDamageMultiplier",1.575,12500,400,2500
2835,-1,-1,16,0,3,1,"WeaponCritDamageMultiplier",1.725,30000,1300,6000
2836,-1,-1,16,0,4,1,"WeaponCritDamageMultiplier",3,73500,4000,14700
2837,-1,-1,16,0,5,1,"WeaponCritDamageMultiplier",3,194500,12100,38900
2838,-1,-1,16,0,6,1,"WeaponCritDamageMultiplier",3,583500,36400,116700
2839,-1,-1,16,0,1,1,"WeaponMagazineSize",3,500,100,100
2840,-1,-1,16,0,2,1,"WeaponMagazineSize",3,12500,400,2500
2841,-1,-1,16,0,3,1,"WeaponMagazineSize",3,30000,1300,6000
2842,-1,-1,16,0,4,1,"WeaponMagazineSize",3,73500,4000,14700
2843,-1,-1,16,0,5,1,"WeaponMagazineSize",6,194500,12100,38900
2844,-1,-1,16,0,6,1,"WeaponMagazineSize",6,583500,36400,116700
2845,-1,-1,16,0,1,1,"MovementAllowance",1.5,500,100,100
2846,-1,-1,16,0,2,1,"MovementAllowance",1.5,12500,400,2500
2847,-1,-1,16,0,3,1,"MovementAllowance",3,30000,1300,6000
2848,-1,-1,16,0,4,1,"MovementAllowance",3,73500,4000,14700
2849,-1,-1,16,0,5,1,"MovementAllowance",4.5,194500,12100,38900
2850,-1,-1,16,0,6,1,"MovementAllowance",6,583500,36400,116700
2851,-1,-1,16,0,1,2,"WeaponDamage",45,500,100,100
2852,-1,-1,16,0,2,2,"WeaponDamage",45,12500,400,2500
2853,-1,-1,16,0,3,2,"WeaponDamage",90,30000,1300,6000
2854,-1,-1,16,0,4,2,"WeaponDamage",120,73500,4000,14700
2855,-1,-1,16,0,5,2,"WeaponDamage",180,194500,12100,38900
2856,-1,-1,16,0,6,2,"WeaponDamage",180,583500,36400,116700
2857,-1,-1,16,0,1,2,"WeaponAccuracy",.15,500,100,100
2858,-1,-1,16,0,2,2,"WeaponAccuracy",.15,12500,400,2500
2859,-1,-1,16,0,3,2,"WeaponAccuracy",.21,30000,1300,6000
2860,-1,-1,16,0,4,2,"WeaponAccuracy",.3,73500,4000,14700
2861,-1,-1,16,0,5,2,"WeaponAccuracy",.45,194500,12100,38900
2862,-1,-1,16,0,6,2,"WeaponAccuracy",.45,583500,36400,116700
2863,-1,-1,16,0,1,2,"WeaponCritDamageMultiplier",1.2,500,100,100
2864,-1,-1,16,0,2,2,"WeaponCritDamageMultiplier",1.575,12500,400,2500
2865,-1,-1,16,0,3,2,"WeaponCritDamageMultiplier",1.725,30000,1300,6000
2866,-1,-1,16,0,4,2,"WeaponCritDamageMultiplier",3,73500,4000,14700
2867,-1,-1,16,0,5,2,"WeaponCritDamageMultiplier",3,194500,12100,38900
2868,-1,-1,16,0,6,2,"WeaponCritDamageMultiplier",3,583500,36400,116700
2869,-1,-1,16,0,1,2,"WeaponMagazineSize",3,500,100,100
2870,-1,-1,16,0,2,2,"WeaponMagazineSize",3,12500,400,2500
2871,-1,-1,16,0,3,2,"WeaponMagazineSize",3,30000,1300,6000
2872,-1,-1,16,0,4,2,"WeaponMagazineSize",3,73500,4000,14700
2873,-1,-1,16,0,5,2,"WeaponMagazineSize",6,194500,12100,38900
2874,-1,-1,16,0,6,2,"WeaponMagazineSize",6,583500,36400,116700
2875,-1,-1,16,0,1,2,"MovementAllowance",1.5,500,100,100
2876,-1,-1,16,0,2,2,"MovementAllowance",1.5,12500,400,2500
2877,-1,-1,16,0,3,2,"MovementAllowance",3,30000,1300,6000
2878,-1,-1,16,0,4,2,"MovementAllowance",3,73500,4000,14700
2879,-1,-1,16,0,5,2,"MovementAllowance",4.5,194500,12100,38900
2880,-1,-1,16,0,6,2,"MovementAllowance",6,583500,36400,116700
2881,-1,-1,16,1,1,0,"WeaponDamage",45,500,100,100
2882,-1,-1,16,1,2,0,"WeaponDamage",45,12500,400,2500
2883,-1,-1,16,1,3,0,"WeaponDamage",90,30000,1300,6000
2884,-1,-1,16,1,4,0,"WeaponDamage",120,73500,4000,14700
2885,-1,-1,16,1,5,0,"WeaponDamage",180,194500,12100,38900
2886,-1,-1,16,1,6,0,"WeaponDamage",180,583500,36400,116700
2887,-1,-1,16,1,1,0,"WeaponCritChance",15,500,100,100
2888,-1,-1,16,1,2,0,"WeaponCritChance",15,12500,400,2500
2889,-1,-1,16,1,3,0,"WeaponCritChance",21,30000,1300,6000
2890,-1,-1,16,1,4,0,"WeaponCritChance",30,73500,4000,14700
2891,-1,-1,16,1,5,0,"WeaponCritChance",30,194500,12100,38900
2892,-1,-1,16,1,6,0,"WeaponCritChance",30,583500,36400,116700
2893,-1,-1,16,1,1,0,"WeaponCritDamageMultiplier",1.2,500,100,100
2894,-1,-1,16,1,2,0,"WeaponCritDamageMultiplier",1.575,12500,400,2500
2895,-1,-1,16,1,3,0,"WeaponCritDamageMultiplier",1.725,30000,1300,6000
2896,-1,-1,16,1,4,0,"WeaponCritDamageMultiplier",3,73500,4000,14700
2897,-1,-1,16,1,5,0,"WeaponCritDamageMultiplier",3,194500,12100,38900
2898,-1,-1,16,1,6,0,"WeaponCritDamageMultiplier",3,583500,36400,116700
2899,-1,-1,16,1,1,0,"WeaponMagazineSize",3,500,100,100
2900,-1,-1,16,1,2,0,"WeaponMagazineSize",3,12500,400,2500
2901,-1,-1,16,1,3,0,"WeaponMagazineSize",3,30000,1300,6000
2902,-1,-1,16,1,4,0,"WeaponMagazineSize",3,73500,4000,14700
2903,-1,-1,16,1,5,0,"WeaponMagazineSize",6,194500,12100,38900
2904,-1,-1,16,1,6,0,"WeaponMagazineSize",6,583500,36400,116700
2905,-1,-1,16,1,1,0,"MovementAllowance",1.5,500,100,100
2906,-1,-1,16,1,2,0,"MovementAllowance",1.5,12500,400,2500
2907,-1,-1,16,1,3,0,"MovementAllowance",3,30000,1300,6000
2908,-1,-1,16,1,4,0,"MovementAllowance",3,73500,4000,14700
2909,-1,-1,16,1,5,0,"MovementAllowance",4.5,194500,12100,38900
2910,-1,-1,16,1,6,0,"MovementAllowance",6,583500,36400,116700
2911,-1,-1,16,1,1,1,"WeaponDamage",45,500,100,100
2912,-1,-1,16,1,2,1,"WeaponDamage",45,12500,400,2500
2913,-1,-1,16,1,3,1,"WeaponDamage",90,30000,1300,6000
2914,-1,-1,16,1,4,1,"WeaponDamage",120,73500,4000,14700
2915,-1,-1,16,1,5,1,"WeaponDamage",180,194500,12100,38900
2916,-1,-1,16,1,6,1,"WeaponDamage",180,583500,36400,116700
2917,-1,-1,16,1,1,1,"WeaponAccuracy",.15,500,100,100
2918,-1,-1,16,1,2,1,"WeaponAccuracy",.15,12500,400,2500
2919,-1,-1,16,1,3,1,"WeaponAccuracy",.21,30000,1300,6000
2920,-1,-1,16,1,4,1,"WeaponAccuracy",.3,73500,4000,14700
2921,-1,-1,16,1,5,1,"WeaponAccuracy",.45,194500,12100,38900
2922,-1,-1,16,1,6,1,"WeaponAccuracy",.45,583500,36400,116700
2923,-1,-1,16,1,1,1,"WeaponCritChance",15,500,100,100
2924,-1,-1,16,1,2,1,"WeaponCritChance",15,12500,400,2500
2925,-1,-1,16,1,3,1,"WeaponCritChance",21,30000,1300,6000
2926,-1,-1,16,1,4,1,"WeaponCritChance",30,73500,4000,14700
2927,-1,-1,16,1,5,1,"WeaponCritChance",30,194500,12100,38900
2928,-1,-1,16,1,6,1,"WeaponCritChance",30,583500,36400,116700
2929,-1,-1,16,1,1,1,"WeaponMagazineSize",3,500,100,100
2930,-1,-1,16,1,2,1,"WeaponMagazineSize",3,12500,400,2500
2931,-1,-1,16,1,3,1,"WeaponMagazineSize",3,30000,1300,6000
2932,-1,-1,16,1,4,1,"WeaponMagazineSize",3,73500,4000,14700
2933,-1,-1,16,1,5,1,"WeaponMagazineSize",6,194500,12100,38900
2934,-1,-1,16,1,6,1,"WeaponMagazineSize",6,583500,36400,116700
2935,-1,-1,16,1,1,1,"MovementAllowance",1.5,500,100,100
2936,-1,-1,16,1,2,1,"MovementAllowance",1.5,12500,400,2500
2937,-1,-1,16,1,3,1,"MovementAllowance",3,30000,1300,6000
2938,-1,-1,16,1,4,1,"MovementAllowance",3,73500,4000,14700
2939,-1,-1,16,1,5,1,"MovementAllowance",4.5,194500,12100,38900
2940,-1,-1,16,1,6,1,"MovementAllowance",6,583500,36400,116700
2941,-1,-1,16,1,1,2,"WeaponDamage",45,500,100,100
2942,-1,-1,16,1,2,2,"WeaponDamage",45,12500,400,2500
2943,-1,-1,16,1,3,2,"WeaponDamage",90,30000,1300,6000
2944,-1,-1,16,1,4,2,"WeaponDamage",120,73500,4000,14700
2945,-1,-1,16,1,5,2,"WeaponDamage",180,194500,12100,38900
2946,-1,-1,16,1,6,2,"WeaponDamage",180,583500,36400,116700
2947,-1,-1,16,1,1,2,"WeaponCritChance",15,500,100,100
2948,-1,-1,16,1,2,2,"WeaponCritChance",15,12500,400,2500
2949,-1,-1,16,1,3,2,"WeaponCritChance",21,30000,1300,6000
2950,-1,-1,16,1,4,2,"WeaponCritChance",30,73500,4000,14700
2951,-1,-1,16,1,5,2,"WeaponCritChance",30,194500,12100,38900
2952,-1,-1,16,1,6,2,"WeaponCritChance",30,583500,36400,116700
2953,-1,-1,16,1,1,2,"WeaponCritDamageMultiplier",1.2,500,100,100
2954,-1,-1,16,1,2,2,"WeaponCritDamageMultiplier",1.575,12500,400,2500
2955,-1,-1,16,1,3,2,"WeaponCritDamageMultiplier",1.725,30000,1300,6000
2956,-1,-1,16,1,4,2,"WeaponCritDamageMultiplier",3,73500,4000,14700
2957,-1,-1,16,1,5,2,"WeaponCritDamageMultiplier",3,194500,12100,38900
2958,-1,-1,16,1,6,2,"WeaponCritDamageMultiplier",3,583500,36400,116700
2959,-1,-1,16,1,1,2,"WeaponMagazineSize",3,500,100,100
2960,-1,-1,16,1,2,2,"WeaponMagazineSize",3,12500,400,2500
2961,-1,-1,16,1,3,2,"WeaponMagazineSize",3,30000,1300,6000
2962,-1,-1,16,1,4,2,"WeaponMagazineSize",3,73500,4000,14700
2963,-1,-1,16,1,5,2,"WeaponMagazineSize",6,194500,12100,38900
2964,-1,-1,16,1,6,2,"WeaponMagazineSize",6,583500,36400,116700
2965,-1,-1,16,1,1,2,"MovementAllowance",1.5,500,100,100
2966,-1,-1,16,1,2,2,"MovementAllowance",1.5,12500,400,2500
2967,-1,-1,16,1,3,2,"MovementAllowance",3,30000,1300,6000
2968,-1,-1,16,1,4,2,"MovementAllowance",3,73500,4000,14700
2969,-1,-1,16,1,5,2,"MovementAllowance",4.5,194500,12100,38900
2970,-1,-1,16,1,6,2,"MovementAllowance",6,583500,36400,116700
2971,-1,-1,16,2,1,0,"WeaponAccuracy",.15,500,100,100
2972,-1,-1,16,2,2,0,"WeaponAccuracy",.15,12500,400,2500
2973,-1,-1,16,2,3,0,"WeaponAccuracy",.21,30000,1300,6000
2974,-1,-1,16,2,4,0,"WeaponAccuracy",.3,73500,4000,14700
2975,-1,-1,16,2,5,0,"WeaponAccuracy",.45,194500,12100,38900
2976,-1,-1,16,2,6,0,"WeaponAccuracy",.45,583500,36400,116700
2977,-1,-1,16,2,1,0,"WeaponCritChance",15,500,100,100
2978,-1,-1,16,2,2,0,"WeaponCritChance",15,12500,400,2500
2979,-1,-1,16,2,3,0,"WeaponCritChance",21,30000,1300,6000
2980,-1,-1,16,2,4,0,"WeaponCritChance",30,73500,4000,14700
2981,-1,-1,16,2,5,0,"WeaponCritChance",30,194500,12100,38900
2982,-1,-1,16,2,6,0,"WeaponCritChance",30,583500,36400,116700
2983,-1,-1,16,2,1,0,"WeaponCritDamageMultiplier",1.2,500,100,100
2984,-1,-1,16,2,2,0,"WeaponCritDamageMultiplier",1.575,12500,400,2500
2985,-1,-1,16,2,3,0,"WeaponCritDamageMultiplier",1.725,30000,1300,6000
2986,-1,-1,16,2,4,0,"WeaponCritDamageMultiplier",3,73500,4000,14700
2987,-1,-1,16,2,5,0,"WeaponCritDamageMultiplier",3,194500,12100,38900
2988,-1,-1,16,2,6,0,"WeaponCritDamageMultiplier",3,583500,36400,116700
2989,-1,-1,16,2,1,0,"WeaponMagazineSize",3,500,100,100
2990,-1,-1,16,2,2,0,"WeaponMagazineSize",3,12500,400,2500
2991,-1,-1,16,2,3,0,"WeaponMagazineSize",3,30000,1300,6000
2992,-1,-1,16,2,4,0,"WeaponMagazineSize",3,73500,4000,14700
2993,-1,-1,16,2,5,0,"WeaponMagazineSize",6,194500,12100,38900
2994,-1,-1,16,2,6,0,"WeaponMagazineSize",6,583500,36400,116700
2995,-1,-1,16,2,1,0,"MovementAllowance",1.5,500,100,100
2996,-1,-1,16,2,2,0,"MovementAllowance",1.5,12500,400,2500
2997,-1,-1,16,2,3,0,"MovementAllowance",3,30000,1300,6000
2998,-1,-1,16,2,4,0,"MovementAllowance",3,73500,4000,14700
2999,-1,-1,16,2,5,0,"MovementAllowance",4.5,194500,12100,38900
3000,-1,-1,16,2,6,0,"MovementAllowance",6,583500,36400,116700
3001,-1,-1,16,2,1,1,"WeaponAccuracy",.15,500,100,100
3002,-1,-1,16,2,2,1,"WeaponAccuracy",.15,12500,400,2500
3003,-1,-1,16,2,3,1,"WeaponAccuracy",.21,30000,1300,6000
3004,-1,-1,16,2,4,1,"WeaponAccuracy",.3,73500,4000,14700
3005,-1,-1,16,2,5,1,"WeaponAccuracy",.45,194500,12100,38900
3006,-1,-1,16,2,6,1,"WeaponAccuracy",.45,583500,36400,116700
3007,-1,-1,16,2,1,1,"WeaponCritChance",15,500,100,100
3008,-1,-1,16,2,2,1,"WeaponCritChance",15,12500,400,2500
3009,-1,-1,16,2,3,1,"WeaponCritChance",21,30000,1300,6000
3010,-1,-1,16,2,4,1,"WeaponCritChance",30,73500,4000,14700
3011,-1,-1,16,2,5,1,"WeaponCritChance",30,194500,12100,38900
3012,-1,-1,16,2,6,1,"WeaponCritChance",30,583500,36400,116700
3013,-1,-1,16,2,1,1,"WeaponCritDamageMultiplier",1.2,500,100,100
3014,-1,-1,16,2,2,1,"WeaponCritDamageMultiplier",1.575,12500,400,2500
3015,-1,-1,16,2,3,1,"WeaponCritDamageMultiplier",1.725,30000,1300,6000
3016,-1,-1,16,2,4,1,"WeaponCritDamageMultiplier",3,73500,4000,14700
3017,-1,-1,16,2,5,1,"WeaponCritDamageMultiplier",3,194500,12100,38900
3018,-1,-1,16,2,6,1,"WeaponCritDamageMultiplier",3,583500,36400,116700
3019,-1,-1,16,2,1,1,"WeaponMagazineSize",3,500,100,100
3020,-1,-1,16,2,2,1,"WeaponMagazineSize",3,12500,400,2500
3021,-1,-1,16,2,3,1,"WeaponMagazineSize",3,30000,1300,6000
3022,-1,-1,16,2,4,1,"WeaponMagazineSize",3,73500,4000,14700
3023,-1,-1,16,2,5,1,"WeaponMagazineSize",6,194500,12100,38900
3024,-1,-1,16,2,6,1,"WeaponMagazineSize",6,583500,36400,116700
3025,-1,-1,16,2,1,1,"MovementAllowance",1.5,500,100,100
3026,-1,-1,16,2,2,1,"MovementAllowance",1.5,12500,400,2500
3027,-1,-1,16,2,3,1,"MovementAllowance",3,30000,1300,6000
3028,-1,-1,16,2,4,1,"MovementAllowance",3,73500,4000,14700
3029,-1,-1,16,2,5,1,"MovementAllowance",4.5,194500,12100,38900
3030,-1,-1,16,2,6,1,"MovementAllowance",6,583500,36400,116700
3031,-1,-1,16,2,1,2,"WeaponAccuracy",.15,500,100,100
3032,-1,-1,16,2,2,2,"WeaponAccuracy",.15,12500,400,2500
3033,-1,-1,16,2,3,2,"WeaponAccuracy",.21,30000,1300,6000
3034,-1,-1,16,2,4,2,"WeaponAccuracy",.3,73500,4000,14700
3035,-1,-1,16,2,5,2,"WeaponAccuracy",.45,194500,12100,38900
3036,-1,-1,16,2,6,2,"WeaponAccuracy",.45,583500,36400,116700
3037,-1,-1,16,2,1,2,"WeaponCritDamageMultiplier",1.2,500,100,100
3038,-1,-1,16,2,2,2,"WeaponCritDamageMultiplier",1.575,12500,400,2500
3039,-1,-1,16,2,3,2,"WeaponCritDamageMultiplier",1.725,30000,1300,6000
3040,-1,-1,16,2,4,2,"WeaponCritDamageMultiplier",3,73500,4000,14700
3041,-1,-1,16,2,5,2,"WeaponCritDamageMultiplier",3,194500,12100,38900
3042,-1,-1,16,2,6,2,"WeaponCritDamageMultiplier",3,583500,36400,116700
3043,-1,-1,16,2,1,2,"WeaponMagazineSize",3,500,100,100
3044,-1,-1,16,2,2,2,"WeaponMagazineSize",3,12500,400,2500
3045,-1,-1,16,2,3,2,"WeaponMagazineSize",3,30000,1300,6000
3046,-1,-1,16,2,4,2,"WeaponMagazineSize",3,73500,4000,14700
3047,-1,-1,16,2,5,2,"WeaponMagazineSize",6,194500,12100,38900
3048,-1,-1,16,2,6,2,"WeaponMagazineSize",6,583500,36400,116700
3049,-1,-1,16,2,1,2,"MovementAllowance",1.5,500,100,100
3050,-1,-1,16,2,2,2,"MovementAllowance",1.5,12500,400,2500
3051,-1,-1,16,2,3,2,"MovementAllowance",3,30000,1300,6000
3052,-1,-1,16,2,4,2,"MovementAllowance",3,73500,4000,14700
3053,-1,-1,16,2,5,2,"MovementAllowance",4.5,194500,12100,38900
3054,-1,-1,16,2,6,2,"MovementAllowance",6,583500,36400,116700
3055,-1,-1,16,3,1,0,"WeaponDamage",45,500,100,100
3056,-1,-1,16,3,2,0,"WeaponDamage",45,12500,400,2500
3057,-1,-1,16,3,3,0,"WeaponDamage",90,30000,1300,6000
3058,-1,-1,16,3,4,0,"WeaponDamage",120,73500,4000,14700
3059,-1,-1,16,3,5,0,"WeaponDamage",180,194500,12100,38900
3060,-1,-1,16,3,6,0,"WeaponDamage",180,583500,36400,116700
3061,-1,-1,16,3,1,0,"WeaponAccuracy",.15,500,100,100
3062,-1,-1,16,3,2,0,"WeaponAccuracy",.15,12500,400,2500
3063,-1,-1,16,3,3,0,"WeaponAccuracy",.21,30000,1300,6000
3064,-1,-1,16,3,4,0,"WeaponAccuracy",.3,73500,4000,14700
3065,-1,-1,16,3,5,0,"WeaponAccuracy",.45,194500,12100,38900
3066,-1,-1,16,3,6,0,"WeaponAccuracy",.45,583500,36400,116700
3067,-1,-1,16,3,1,0,"WeaponCritChance",15,500,100,100
3068,-1,-1,16,3,2,0,"WeaponCritChance",15,12500,400,2500
3069,-1,-1,16,3,3,0,"WeaponCritChance",21,30000,1300,6000
3070,-1,-1,16,3,4,0,"WeaponCritChance",30,73500,4000,14700
3071,-1,-1,16,3,5,0,"WeaponCritChance",30,194500,12100,38900
3072,-1,-1,16,3,6,0,"WeaponCritChance",30,583500,36400,116700
3073,-1,-1,16,3,1,0,"WeaponCritDamageMultiplier",1.2,500,100,100
3074,-1,-1,16,3,2,0,"WeaponCritDamageMultiplier",1.575,12500,400,2500
3075,-1,-1,16,3,3,0,"WeaponCritDamageMultiplier",1.725,30000,1300,6000
3076,-1,-1,16,3,4,0,"WeaponCritDamageMultiplier",3,73500,4000,14700
3077,-1,-1,16,3,5,0,"WeaponCritDamageMultiplier",3,194500,12100,38900
3078,-1,-1,16,3,6,0,"WeaponCritDamageMultiplier",3,583500,36400,116700
3079,-1,-1,16,3,1,0,"MovementAllowance",1.5,500,100,100
3080,-1,-1,16,3,2,0,"MovementAllowance",1.5,12500,400,2500
3081,-1,-1,16,3,3,0,"MovementAllowance",3,30000,1300,6000
3082,-1,-1,16,3,4,0,"MovementAllowance",3,73500,4000,14700
3083,-1,-1,16,3,5,0,"MovementAllowance",4.5,194500,12100,38900
3084,-1,-1,16,3,6,0,"MovementAllowance",6,583500,36400,116700
3085,-1,-1,16,3,1,1,"WeaponDamage",45,500,100,100
3086,-1,-1,16,3,2,1,"WeaponDamage",45,12500,400,2500
3087,-1,-1,16,3,3,1,"WeaponDamage",90,30000,1300,6000
3088,-1,-1,16,3,4,1,"WeaponDamage",120,73500,4000,14700
3089,-1,-1,16,3,5,1,"WeaponDamage",180,194500,12100,38900
3090,-1,-1,16,3,6,1,"WeaponDamage",180,583500,36400,116700
3091,-1,-1,16,3,1,1,"WeaponCritChance",15,500,100,100
3092,-1,-1,16,3,2,1,"WeaponCritChance",15,12500,400,2500
3093,-1,-1,16,3,3,1,"WeaponCritChance",21,30000,1300,6000
3094,-1,-1,16,3,4,1,"WeaponCritChance",30,73500,4000,14700
3095,-1,-1,16,3,5,1,"WeaponCritChance",30,194500,12100,38900
3096,-1,-1,16,3,6,1,"WeaponCritChance",30,583500,36400,116700
3097,-1,-1,16,3,1,1,"WeaponCritDamageMultiplier",1.2,500,100,100
3098,-1,-1,16,3,2,1,"WeaponCritDamageMultiplier",1.575,12500,400,2500
3099,-1,-1,16,3,3,1,"WeaponCritDamageMultiplier",1.725,30000,1300,6000
3100,-1,-1,16,3,4,1,"WeaponCritDamageMultiplier",3,73500,4000,14700
3101,-1,-1,16,3,5,1,"WeaponCritDamageMultiplier",3,194500,12100,38900
3102,-1,-1,16,3,6,1,"WeaponCritDamageMultiplier",3,583500,36400,116700
3103,-1,-1,16,3,1,1,"MovementAllowance",1.5,500,100,100
3104,-1,-1,16,3,2,1,"MovementAllowance",1.5,12500,400,2500
3105,-1,-1,16,3,3,1,"MovementAllowance",3,30000,1300,6000
3106,-1,-1,16,3,4,1,"MovementAllowance",3,73500,4000,14700
3107,-1,-1,16,3,5,1,"MovementAllowance",4.5,194500,12100,38900
3108,-1,-1,16,3,6,1,"MovementAllowance",6,583500,36400,116700
3109,-1,-1,16,3,1,2,"WeaponAccuracy",.15,500,100,100
3110,-1,-1,16,3,2,2,"WeaponAccuracy",.15,12500,400,2500
3111,-1,-1,16,3,3,2,"WeaponAccuracy",.21,30000,1300,6000
3112,-1,-1,16,3,4,2,"WeaponAccuracy",.3,73500,4000,14700
3113,-1,-1,16,3,5,2,"WeaponAccuracy",.45,194500,12100,38900
3114,-1,-1,16,3,6,2,"WeaponAccuracy",.45,583500,36400,116700
3115,-1,-1,16,3,1,2,"WeaponCritChance",15,500,100,100
3116,-1,-1,16,3,2,2,"WeaponCritChance",15,12500,400,2500
3117,-1,-1,16,3,3,2,"WeaponCritChance",21,30000,1300,6000
3118,-1,-1,16,3,4,2,"WeaponCritChance",30,73500,4000,14700
3119,-1,-1,16,3,5,2,"WeaponCritChance",30,194500,12100,38900
3120,-1,-1,16,3,6,2,"WeaponCritChance",30,583500,36400,116700
3121,-1,-1,16,3,1,2,"WeaponCritDamageMultiplier",1.2,500,100,100
3122,-1,-1,16,3,2,2,"WeaponCritDamageMultiplier",1.575,12500,400,2500
3123,-1,-1,16,3,3,2,"WeaponCritDamageMultiplier",1.725,30000,1300,6000
3124,-1,-1,16,3,4,2,"WeaponCritDamageMultiplier",3,73500,4000,14700
3125,-1,-1,16,3,5,2,"WeaponCritDamageMultiplier",3,194500,12100,38900
3126,-1,-1,16,3,6,2,"WeaponCritDamageMultiplier",3,583500,36400,116700
3127,-1,-1,16,3,1,2,"MovementAllowance",1.5,500,100,100
3128,-1,-1,16,3,2,2,"MovementAllowance",1.5,12500,400,2500
3129,-1,-1,16,3,3,2,"MovementAllowance",3,30000,1300,6000
3130,-1,-1,16,3,4,2,"MovementAllowance",3,73500,4000,14700
3131,-1,-1,16,3,5,2,"MovementAllowance",4.5,194500,12100,38900
3132,-1,-1,16,3,6,2,"MovementAllowance",6,583500,36400,116700
